run_id	Precision-recall curve.Recall	Precision-recall curve
caecc06d-a6f1-41d8-9425-6d613fc6e850	0	1
caecc06d-a6f1-41d8-9425-6d613fc6e850	0.4576271186440678	0.9310344827586207
caecc06d-a6f1-41d8-9425-6d613fc6e850	0.4576271186440678	0.9310344827586207
caecc06d-a6f1-41d8-9425-6d613fc6e850	0.4576271186440678	0.9310344827586207
caecc06d-a6f1-41d8-9425-6d613fc6e850	0.4576271186440678	0.9310344827586207
caecc06d-a6f1-41d8-9425-6d613fc6e850	0.4576271186440678	0.9310344827586207
caecc06d-a6f1-41d8-9425-6d613fc6e850	0.4576271186440678	0.9310344827586207
caecc06d-a6f1-41d8-9425-6d613fc6e850	0.4576271186440678	0.9310344827586207
caecc06d-a6f1-41d8-9425-6d613fc6e850	0.4576271186440678	0.9310344827586207
caecc06d-a6f1-41d8-9425-6d613fc6e850	0.4576271186440678	0.9310344827586207
caecc06d-a6f1-41d8-9425-6d613fc6e850	0.4576271186440678	0.9310344827586207
caecc06d-a6f1-41d8-9425-6d613fc6e850	0.4576271186440678	0.9310344827586207
caecc06d-a6f1-41d8-9425-6d613fc6e850	0.4576271186440678	0.9310344827586207
caecc06d-a6f1-41d8-9425-6d613fc6e850	0.4576271186440678	0.9310344827586207
caecc06d-a6f1-41d8-9425-6d613fc6e850	0.4576271186440678	0.9310344827586207
caecc06d-a6f1-41d8-9425-6d613fc6e850	0.4576271186440678	0.9310344827586207
caecc06d-a6f1-41d8-9425-6d613fc6e850	0.4576271186440678	0.9310344827586207
caecc06d-a6f1-41d8-9425-6d613fc6e850	0.4576271186440678	0.9310344827586207
caecc06d-a6f1-41d8-9425-6d613fc6e850	0.4576271186440678	0.9310344827586207
caecc06d-a6f1-41d8-9425-6d613fc6e850	0.4576271186440678	0.9310344827586207
caecc06d-a6f1-41d8-9425-6d613fc6e850	0.4576271186440678	0.9310344827586207
caecc06d-a6f1-41d8-9425-6d613fc6e850	0.4576271186440678	0.9310344827586207
caecc06d-a6f1-41d8-9425-6d613fc6e850	0.4576271186440678	0.9310344827586207
caecc06d-a6f1-41d8-9425-6d613fc6e850	0.4576271186440678	0.9310344827586207
caecc06d-a6f1-41d8-9425-6d613fc6e850	0.4576271186440678	0.9310344827586207
caecc06d-a6f1-41d8-9425-6d613fc6e850	0.4576271186440678	0.9310344827586207
caecc06d-a6f1-41d8-9425-6d613fc6e850	0.4576271186440678	0.9310344827586207
caecc06d-a6f1-41d8-9425-6d613fc6e850	0.4576271186440678	0.9310344827586207
caecc06d-a6f1-41d8-9425-6d613fc6e850	0.4576271186440678	0.9310344827586207
caecc06d-a6f1-41d8-9425-6d613fc6e850	0.4576271186440678	0.9310344827586207
caecc06d-a6f1-41d8-9425-6d613fc6e850	0.4576271186440678	0.9310344827586207
caecc06d-a6f1-41d8-9425-6d613fc6e850	0.4576271186440678	0.9310344827586207
caecc06d-a6f1-41d8-9425-6d613fc6e850	0.4576271186440678	0.9310344827586207
caecc06d-a6f1-41d8-9425-6d613fc6e850	0.4576271186440678	0.9310344827586207
caecc06d-a6f1-41d8-9425-6d613fc6e850	0.4576271186440678	0.9310344827586207
caecc06d-a6f1-41d8-9425-6d613fc6e850	0.4576271186440678	0.9310344827586207
caecc06d-a6f1-41d8-9425-6d613fc6e850	0.4576271186440678	0.9310344827586207
caecc06d-a6f1-41d8-9425-6d613fc6e850	0.4576271186440678	0.9310344827586207
caecc06d-a6f1-41d8-9425-6d613fc6e850	0.4576271186440678	0.9310344827586207
caecc06d-a6f1-41d8-9425-6d613fc6e850	0.4576271186440678	0.9310344827586207
caecc06d-a6f1-41d8-9425-6d613fc6e850	0.4576271186440678	0.9310344827586207
caecc06d-a6f1-41d8-9425-6d613fc6e850	0.4576271186440678	0.9310344827586207
caecc06d-a6f1-41d8-9425-6d613fc6e850	0.4576271186440678	0.9310344827586207
caecc06d-a6f1-41d8-9425-6d613fc6e850	0.4576271186440678	0.9310344827586207
caecc06d-a6f1-41d8-9425-6d613fc6e850	0.4576271186440678	0.9310344827586207
caecc06d-a6f1-41d8-9425-6d613fc6e850	0.4576271186440678	0.9310344827586207
caecc06d-a6f1-41d8-9425-6d613fc6e850	0.4576271186440678	0.9310344827586207
caecc06d-a6f1-41d8-9425-6d613fc6e850	0.4576271186440678	0.9310344827586207
caecc06d-a6f1-41d8-9425-6d613fc6e850	0.4576271186440678	0.9310344827586207
caecc06d-a6f1-41d8-9425-6d613fc6e850	0.4576271186440678	0.9310344827586207
caecc06d-a6f1-41d8-9425-6d613fc6e850	0.4576271186440678	0.9310344827586207
caecc06d-a6f1-41d8-9425-6d613fc6e850	0.4576271186440678	0.9310344827586207
caecc06d-a6f1-41d8-9425-6d613fc6e850	0.4576271186440678	0.9310344827586207
caecc06d-a6f1-41d8-9425-6d613fc6e850	0.4576271186440678	0.9310344827586207
caecc06d-a6f1-41d8-9425-6d613fc6e850	0.4576271186440678	0.9310344827586207
caecc06d-a6f1-41d8-9425-6d613fc6e850	0.4576271186440678	0.9310344827586207
caecc06d-a6f1-41d8-9425-6d613fc6e850	0.4576271186440678	0.9310344827586207
caecc06d-a6f1-41d8-9425-6d613fc6e850	0.4576271186440678	0.9310344827586207
caecc06d-a6f1-41d8-9425-6d613fc6e850	0.4576271186440678	0.9310344827586207
caecc06d-a6f1-41d8-9425-6d613fc6e850	0.4576271186440678	0.9310344827586207
caecc06d-a6f1-41d8-9425-6d613fc6e850	0.4576271186440678	0.9310344827586207
caecc06d-a6f1-41d8-9425-6d613fc6e850	0.4576271186440678	0.9310344827586207
caecc06d-a6f1-41d8-9425-6d613fc6e850	0.4576271186440678	0.9310344827586207
caecc06d-a6f1-41d8-9425-6d613fc6e850	0.4576271186440678	0.9310344827586207
caecc06d-a6f1-41d8-9425-6d613fc6e850	0.4576271186440678	0.9310344827586207
caecc06d-a6f1-41d8-9425-6d613fc6e850	0.4576271186440678	0.9310344827586207
caecc06d-a6f1-41d8-9425-6d613fc6e850	0.4576271186440678	0.9310344827586207
caecc06d-a6f1-41d8-9425-6d613fc6e850	0.4576271186440678	0.9310344827586207
caecc06d-a6f1-41d8-9425-6d613fc6e850	0.4576271186440678	0.9310344827586207
caecc06d-a6f1-41d8-9425-6d613fc6e850	0.4576271186440678	0.9310344827586207
caecc06d-a6f1-41d8-9425-6d613fc6e850	0.4576271186440678	0.9310344827586207
caecc06d-a6f1-41d8-9425-6d613fc6e850	0.4576271186440678	0.9310344827586207
caecc06d-a6f1-41d8-9425-6d613fc6e850	0.4576271186440678	0.9310344827586207
caecc06d-a6f1-41d8-9425-6d613fc6e850	0.4576271186440678	0.9310344827586207
caecc06d-a6f1-41d8-9425-6d613fc6e850	0.4576271186440678	0.9310344827586207
caecc06d-a6f1-41d8-9425-6d613fc6e850	0.4576271186440678	0.9310344827586207
caecc06d-a6f1-41d8-9425-6d613fc6e850	0.4576271186440678	0.9310344827586207
caecc06d-a6f1-41d8-9425-6d613fc6e850	0.4576271186440678	0.9310344827586207
caecc06d-a6f1-41d8-9425-6d613fc6e850	0.4576271186440678	0.9310344827586207
caecc06d-a6f1-41d8-9425-6d613fc6e850	0.4576271186440678	0.9310344827586207
caecc06d-a6f1-41d8-9425-6d613fc6e850	0.4576271186440678	0.9310344827586207
caecc06d-a6f1-41d8-9425-6d613fc6e850	0.4576271186440678	0.9310344827586207
caecc06d-a6f1-41d8-9425-6d613fc6e850	0.4576271186440678	0.9310344827586207
caecc06d-a6f1-41d8-9425-6d613fc6e850	0.4576271186440678	0.9310344827586207
caecc06d-a6f1-41d8-9425-6d613fc6e850	0.4576271186440678	0.9310344827586207
caecc06d-a6f1-41d8-9425-6d613fc6e850	0.4576271186440678	0.9310344827586207
caecc06d-a6f1-41d8-9425-6d613fc6e850	0.4576271186440678	0.9310344827586207
caecc06d-a6f1-41d8-9425-6d613fc6e850	0.4576271186440678	0.9310344827586207
caecc06d-a6f1-41d8-9425-6d613fc6e850	0.4576271186440678	0.9310344827586207
caecc06d-a6f1-41d8-9425-6d613fc6e850	0.4576271186440678	0.9310344827586207
caecc06d-a6f1-41d8-9425-6d613fc6e850	0.4576271186440678	0.9310344827586207
caecc06d-a6f1-41d8-9425-6d613fc6e850	0.4576271186440678	0.9310344827586207
caecc06d-a6f1-41d8-9425-6d613fc6e850	0.4576271186440678	0.9310344827586207
caecc06d-a6f1-41d8-9425-6d613fc6e850	0.4576271186440678	0.9310344827586207
caecc06d-a6f1-41d8-9425-6d613fc6e850	0.4576271186440678	0.9310344827586207
caecc06d-a6f1-41d8-9425-6d613fc6e850	0.4576271186440678	0.9310344827586207
caecc06d-a6f1-41d8-9425-6d613fc6e850	0.4576271186440678	0.9310344827586207
caecc06d-a6f1-41d8-9425-6d613fc6e850	0.4576271186440678	0.9310344827586207
caecc06d-a6f1-41d8-9425-6d613fc6e850	0.4576271186440678	0.9310344827586207
caecc06d-a6f1-41d8-9425-6d613fc6e850	0.4576271186440678	0.9310344827586207
caecc06d-a6f1-41d8-9425-6d613fc6e850	0.4576271186440678	0.9310344827586207
caecc06d-a6f1-41d8-9425-6d613fc6e850	0.4576271186440678	0.9310344827586207
caecc06d-a6f1-41d8-9425-6d613fc6e850	0.4576271186440678	0.9310344827586207
caecc06d-a6f1-41d8-9425-6d613fc6e850	0.4576271186440678	0.9310344827586207
caecc06d-a6f1-41d8-9425-6d613fc6e850	0.4576271186440678	0.9310344827586207
caecc06d-a6f1-41d8-9425-6d613fc6e850	0.4576271186440678	0.9310344827586207
caecc06d-a6f1-41d8-9425-6d613fc6e850	0.4576271186440678	0.9310344827586207
caecc06d-a6f1-41d8-9425-6d613fc6e850	0.4576271186440678	0.9310344827586207
caecc06d-a6f1-41d8-9425-6d613fc6e850	0.4576271186440678	0.9310344827586207
caecc06d-a6f1-41d8-9425-6d613fc6e850	0.4576271186440678	0.9310344827586207
caecc06d-a6f1-41d8-9425-6d613fc6e850	0.4576271186440678	0.9310344827586207
caecc06d-a6f1-41d8-9425-6d613fc6e850	0.4576271186440678	0.9310344827586207
caecc06d-a6f1-41d8-9425-6d613fc6e850	0.4576271186440678	0.9310344827586207
caecc06d-a6f1-41d8-9425-6d613fc6e850	0.4576271186440678	0.9310344827586207
caecc06d-a6f1-41d8-9425-6d613fc6e850	0.4576271186440678	0.9310344827586207
caecc06d-a6f1-41d8-9425-6d613fc6e850	0.4576271186440678	0.9310344827586207
caecc06d-a6f1-41d8-9425-6d613fc6e850	0.4576271186440678	0.9310344827586207
caecc06d-a6f1-41d8-9425-6d613fc6e850	0.4576271186440678	0.9310344827586207
caecc06d-a6f1-41d8-9425-6d613fc6e850	0.4576271186440678	0.9310344827586207
caecc06d-a6f1-41d8-9425-6d613fc6e850	0.4576271186440678	0.9310344827586207
caecc06d-a6f1-41d8-9425-6d613fc6e850	0.4576271186440678	0.9310344827586207
caecc06d-a6f1-41d8-9425-6d613fc6e850	0.4576271186440678	0.9310344827586207
caecc06d-a6f1-41d8-9425-6d613fc6e850	0.4576271186440678	0.9310344827586207
caecc06d-a6f1-41d8-9425-6d613fc6e850	0.4576271186440678	0.9310344827586207
caecc06d-a6f1-41d8-9425-6d613fc6e850	0.7175141242937854	0.8943661971830986
caecc06d-a6f1-41d8-9425-6d613fc6e850	0.7175141242937854	0.8943661971830986
caecc06d-a6f1-41d8-9425-6d613fc6e850	0.7175141242937854	0.8943661971830986
caecc06d-a6f1-41d8-9425-6d613fc6e850	0.7175141242937854	0.8943661971830986
caecc06d-a6f1-41d8-9425-6d613fc6e850	0.7175141242937854	0.8943661971830986
caecc06d-a6f1-41d8-9425-6d613fc6e850	0.7175141242937854	0.8943661971830986
caecc06d-a6f1-41d8-9425-6d613fc6e850	0.7175141242937854	0.8943661971830986
caecc06d-a6f1-41d8-9425-6d613fc6e850	0.7175141242937854	0.8943661971830986
caecc06d-a6f1-41d8-9425-6d613fc6e850	0.7175141242937854	0.8943661971830986
caecc06d-a6f1-41d8-9425-6d613fc6e850	0.7175141242937854	0.8943661971830986
caecc06d-a6f1-41d8-9425-6d613fc6e850	0.7175141242937854	0.8943661971830986
caecc06d-a6f1-41d8-9425-6d613fc6e850	0.7175141242937854	0.8943661971830986
caecc06d-a6f1-41d8-9425-6d613fc6e850	0.7175141242937854	0.8943661971830986
caecc06d-a6f1-41d8-9425-6d613fc6e850	0.7175141242937854	0.8943661971830986
caecc06d-a6f1-41d8-9425-6d613fc6e850	0.7175141242937854	0.8943661971830986
caecc06d-a6f1-41d8-9425-6d613fc6e850	0.7175141242937854	0.8943661971830986
caecc06d-a6f1-41d8-9425-6d613fc6e850	0.7175141242937854	0.8943661971830986
caecc06d-a6f1-41d8-9425-6d613fc6e850	0.7175141242937854	0.8943661971830986
caecc06d-a6f1-41d8-9425-6d613fc6e850	0.7175141242937854	0.8943661971830986
caecc06d-a6f1-41d8-9425-6d613fc6e850	0.7175141242937854	0.8943661971830986
caecc06d-a6f1-41d8-9425-6d613fc6e850	0.7175141242937854	0.8943661971830986
caecc06d-a6f1-41d8-9425-6d613fc6e850	0.7175141242937854	0.8943661971830986
caecc06d-a6f1-41d8-9425-6d613fc6e850	0.7175141242937854	0.8943661971830986
caecc06d-a6f1-41d8-9425-6d613fc6e850	0.7175141242937854	0.8943661971830986
caecc06d-a6f1-41d8-9425-6d613fc6e850	0.7175141242937854	0.8943661971830986
caecc06d-a6f1-41d8-9425-6d613fc6e850	0.7175141242937854	0.8943661971830986
caecc06d-a6f1-41d8-9425-6d613fc6e850	0.7175141242937854	0.8943661971830986
caecc06d-a6f1-41d8-9425-6d613fc6e850	0.7175141242937854	0.8943661971830986
caecc06d-a6f1-41d8-9425-6d613fc6e850	0.7175141242937854	0.8943661971830986
caecc06d-a6f1-41d8-9425-6d613fc6e850	0.7175141242937854	0.8943661971830986
caecc06d-a6f1-41d8-9425-6d613fc6e850	0.7175141242937854	0.8943661971830986
caecc06d-a6f1-41d8-9425-6d613fc6e850	0.7175141242937854	0.8943661971830986
caecc06d-a6f1-41d8-9425-6d613fc6e850	0.7175141242937854	0.8943661971830986
caecc06d-a6f1-41d8-9425-6d613fc6e850	0.7175141242937854	0.8943661971830986
caecc06d-a6f1-41d8-9425-6d613fc6e850	0.7175141242937854	0.8943661971830986
caecc06d-a6f1-41d8-9425-6d613fc6e850	0.7175141242937854	0.8943661971830986
caecc06d-a6f1-41d8-9425-6d613fc6e850	0.7175141242937854	0.8943661971830986
caecc06d-a6f1-41d8-9425-6d613fc6e850	0.7175141242937854	0.8943661971830986
caecc06d-a6f1-41d8-9425-6d613fc6e850	0.7175141242937854	0.8943661971830986
caecc06d-a6f1-41d8-9425-6d613fc6e850	0.7175141242937854	0.8943661971830986
caecc06d-a6f1-41d8-9425-6d613fc6e850	0.7175141242937854	0.8943661971830986
caecc06d-a6f1-41d8-9425-6d613fc6e850	0.7175141242937854	0.8943661971830986
caecc06d-a6f1-41d8-9425-6d613fc6e850	0.7175141242937854	0.8943661971830986
caecc06d-a6f1-41d8-9425-6d613fc6e850	0.7175141242937854	0.8943661971830986
caecc06d-a6f1-41d8-9425-6d613fc6e850	0.7175141242937854	0.8943661971830986
caecc06d-a6f1-41d8-9425-6d613fc6e850	0.7175141242937854	0.8943661971830986
caecc06d-a6f1-41d8-9425-6d613fc6e850	0.7175141242937854	0.8943661971830986
caecc06d-a6f1-41d8-9425-6d613fc6e850	0.7175141242937854	0.8943661971830986
caecc06d-a6f1-41d8-9425-6d613fc6e850	0.7175141242937854	0.8943661971830986
caecc06d-a6f1-41d8-9425-6d613fc6e850	0.7175141242937854	0.8943661971830986
caecc06d-a6f1-41d8-9425-6d613fc6e850	0.7175141242937854	0.8943661971830986
caecc06d-a6f1-41d8-9425-6d613fc6e850	0.7175141242937854	0.8943661971830986
caecc06d-a6f1-41d8-9425-6d613fc6e850	0.7175141242937854	0.8943661971830986
caecc06d-a6f1-41d8-9425-6d613fc6e850	0.7175141242937854	0.8943661971830986
caecc06d-a6f1-41d8-9425-6d613fc6e850	0.7175141242937854	0.8943661971830986
caecc06d-a6f1-41d8-9425-6d613fc6e850	0.7175141242937854	0.8943661971830986
caecc06d-a6f1-41d8-9425-6d613fc6e850	0.7175141242937854	0.8943661971830986
caecc06d-a6f1-41d8-9425-6d613fc6e850	0.7175141242937854	0.8943661971830986
caecc06d-a6f1-41d8-9425-6d613fc6e850	0.7175141242937854	0.8943661971830986
caecc06d-a6f1-41d8-9425-6d613fc6e850	0.7175141242937854	0.8943661971830986
caecc06d-a6f1-41d8-9425-6d613fc6e850	0.7175141242937854	0.8943661971830986
caecc06d-a6f1-41d8-9425-6d613fc6e850	0.7175141242937854	0.8943661971830986
caecc06d-a6f1-41d8-9425-6d613fc6e850	0.7175141242937854	0.8943661971830986
caecc06d-a6f1-41d8-9425-6d613fc6e850	0.7175141242937854	0.8943661971830986
caecc06d-a6f1-41d8-9425-6d613fc6e850	0.7175141242937854	0.8943661971830986
caecc06d-a6f1-41d8-9425-6d613fc6e850	0.7175141242937854	0.8943661971830986
caecc06d-a6f1-41d8-9425-6d613fc6e850	0.7175141242937854	0.8943661971830986
caecc06d-a6f1-41d8-9425-6d613fc6e850	0.7175141242937854	0.8943661971830986
caecc06d-a6f1-41d8-9425-6d613fc6e850	0.7175141242937854	0.8943661971830986
caecc06d-a6f1-41d8-9425-6d613fc6e850	0.7175141242937854	0.8943661971830986
caecc06d-a6f1-41d8-9425-6d613fc6e850	0.7175141242937854	0.8943661971830986
caecc06d-a6f1-41d8-9425-6d613fc6e850	0.7175141242937854	0.8943661971830986
caecc06d-a6f1-41d8-9425-6d613fc6e850	0.7175141242937854	0.8943661971830986
caecc06d-a6f1-41d8-9425-6d613fc6e850	0.7175141242937854	0.8943661971830986
caecc06d-a6f1-41d8-9425-6d613fc6e850	0.7175141242937854	0.8943661971830986
caecc06d-a6f1-41d8-9425-6d613fc6e850	0.7175141242937854	0.8943661971830986
caecc06d-a6f1-41d8-9425-6d613fc6e850	0.7175141242937854	0.8943661971830986
caecc06d-a6f1-41d8-9425-6d613fc6e850	0.7175141242937854	0.8943661971830986
caecc06d-a6f1-41d8-9425-6d613fc6e850	0.7175141242937854	0.8943661971830986
caecc06d-a6f1-41d8-9425-6d613fc6e850	0.7175141242937854	0.8943661971830986
caecc06d-a6f1-41d8-9425-6d613fc6e850	0.7175141242937854	0.8943661971830986
caecc06d-a6f1-41d8-9425-6d613fc6e850	0.7175141242937854	0.8943661971830986
caecc06d-a6f1-41d8-9425-6d613fc6e850	0.7175141242937854	0.8943661971830986
caecc06d-a6f1-41d8-9425-6d613fc6e850	0.7175141242937854	0.8943661971830986
caecc06d-a6f1-41d8-9425-6d613fc6e850	0.7175141242937854	0.8943661971830986
caecc06d-a6f1-41d8-9425-6d613fc6e850	0.7175141242937854	0.8943661971830986
caecc06d-a6f1-41d8-9425-6d613fc6e850	0.7175141242937854	0.8943661971830986
caecc06d-a6f1-41d8-9425-6d613fc6e850	0.7175141242937854	0.8943661971830986
caecc06d-a6f1-41d8-9425-6d613fc6e850	0.7175141242937854	0.8943661971830986
caecc06d-a6f1-41d8-9425-6d613fc6e850	0.7175141242937854	0.8943661971830986
caecc06d-a6f1-41d8-9425-6d613fc6e850	0.7175141242937854	0.8943661971830986
caecc06d-a6f1-41d8-9425-6d613fc6e850	0.7175141242937854	0.8943661971830986
caecc06d-a6f1-41d8-9425-6d613fc6e850	0.7175141242937854	0.8943661971830986
caecc06d-a6f1-41d8-9425-6d613fc6e850	0.7175141242937854	0.8943661971830986
caecc06d-a6f1-41d8-9425-6d613fc6e850	0.7175141242937854	0.8943661971830986
caecc06d-a6f1-41d8-9425-6d613fc6e850	0.7175141242937854	0.8943661971830986
caecc06d-a6f1-41d8-9425-6d613fc6e850	0.7175141242937854	0.8943661971830986
caecc06d-a6f1-41d8-9425-6d613fc6e850	0.7175141242937854	0.8943661971830986
caecc06d-a6f1-41d8-9425-6d613fc6e850	0.7175141242937854	0.8943661971830986
caecc06d-a6f1-41d8-9425-6d613fc6e850	0.7175141242937854	0.8943661971830986
caecc06d-a6f1-41d8-9425-6d613fc6e850	0.7175141242937854	0.8943661971830986
caecc06d-a6f1-41d8-9425-6d613fc6e850	0.7175141242937854	0.8943661971830986
caecc06d-a6f1-41d8-9425-6d613fc6e850	0.7175141242937854	0.8943661971830986
caecc06d-a6f1-41d8-9425-6d613fc6e850	0.7175141242937854	0.8943661971830986
caecc06d-a6f1-41d8-9425-6d613fc6e850	0.7175141242937854	0.8943661971830986
caecc06d-a6f1-41d8-9425-6d613fc6e850	0.7175141242937854	0.8943661971830986
caecc06d-a6f1-41d8-9425-6d613fc6e850	0.7175141242937854	0.8943661971830986
caecc06d-a6f1-41d8-9425-6d613fc6e850	0.7175141242937854	0.8943661971830986
caecc06d-a6f1-41d8-9425-6d613fc6e850	0.7175141242937854	0.8943661971830986
caecc06d-a6f1-41d8-9425-6d613fc6e850	0.7175141242937854	0.8943661971830986
caecc06d-a6f1-41d8-9425-6d613fc6e850	0.7175141242937854	0.8943661971830986
caecc06d-a6f1-41d8-9425-6d613fc6e850	0.7175141242937854	0.8943661971830986
caecc06d-a6f1-41d8-9425-6d613fc6e850	0.7175141242937854	0.8943661971830986
caecc06d-a6f1-41d8-9425-6d613fc6e850	0.7175141242937854	0.8943661971830986
caecc06d-a6f1-41d8-9425-6d613fc6e850	0.7175141242937854	0.8943661971830986
caecc06d-a6f1-41d8-9425-6d613fc6e850	0.7175141242937854	0.8943661971830986
caecc06d-a6f1-41d8-9425-6d613fc6e850	0.7175141242937854	0.8943661971830986
caecc06d-a6f1-41d8-9425-6d613fc6e850	0.7175141242937854	0.8943661971830986
caecc06d-a6f1-41d8-9425-6d613fc6e850	0.7175141242937854	0.8943661971830986
caecc06d-a6f1-41d8-9425-6d613fc6e850	0.7175141242937854	0.8943661971830986
caecc06d-a6f1-41d8-9425-6d613fc6e850	0.7175141242937854	0.8943661971830986
caecc06d-a6f1-41d8-9425-6d613fc6e850	0.7175141242937854	0.8943661971830986
caecc06d-a6f1-41d8-9425-6d613fc6e850	0.7175141242937854	0.8943661971830986
caecc06d-a6f1-41d8-9425-6d613fc6e850	0.7175141242937854	0.8943661971830986
caecc06d-a6f1-41d8-9425-6d613fc6e850	0.7175141242937854	0.8943661971830986
caecc06d-a6f1-41d8-9425-6d613fc6e850	0.8700564971751412	0.8850574712643678
caecc06d-a6f1-41d8-9425-6d613fc6e850	0.8700564971751412	0.8850574712643678
caecc06d-a6f1-41d8-9425-6d613fc6e850	0.8700564971751412	0.8850574712643678
caecc06d-a6f1-41d8-9425-6d613fc6e850	0.8700564971751412	0.8850574712643678
caecc06d-a6f1-41d8-9425-6d613fc6e850	0.8700564971751412	0.8850574712643678
caecc06d-a6f1-41d8-9425-6d613fc6e850	0.8700564971751412	0.8850574712643678
caecc06d-a6f1-41d8-9425-6d613fc6e850	0.8700564971751412	0.8850574712643678
caecc06d-a6f1-41d8-9425-6d613fc6e850	0.8700564971751412	0.8850574712643678
caecc06d-a6f1-41d8-9425-6d613fc6e850	0.8700564971751412	0.8850574712643678
caecc06d-a6f1-41d8-9425-6d613fc6e850	0.8700564971751412	0.8850574712643678
caecc06d-a6f1-41d8-9425-6d613fc6e850	0.8700564971751412	0.8850574712643678
caecc06d-a6f1-41d8-9425-6d613fc6e850	0.8700564971751412	0.8850574712643678
caecc06d-a6f1-41d8-9425-6d613fc6e850	0.8700564971751412	0.8850574712643678
caecc06d-a6f1-41d8-9425-6d613fc6e850	0.8700564971751412	0.8850574712643678
caecc06d-a6f1-41d8-9425-6d613fc6e850	0.8700564971751412	0.8850574712643678
caecc06d-a6f1-41d8-9425-6d613fc6e850	0.8700564971751412	0.8850574712643678
caecc06d-a6f1-41d8-9425-6d613fc6e850	0.8700564971751412	0.8850574712643678
caecc06d-a6f1-41d8-9425-6d613fc6e850	0.8700564971751412	0.8850574712643678
caecc06d-a6f1-41d8-9425-6d613fc6e850	0.8700564971751412	0.8850574712643678
caecc06d-a6f1-41d8-9425-6d613fc6e850	0.8700564971751412	0.8850574712643678
caecc06d-a6f1-41d8-9425-6d613fc6e850	0.8700564971751412	0.8850574712643678
caecc06d-a6f1-41d8-9425-6d613fc6e850	0.8700564971751412	0.8850574712643678
caecc06d-a6f1-41d8-9425-6d613fc6e850	0.8700564971751412	0.8850574712643678
caecc06d-a6f1-41d8-9425-6d613fc6e850	0.8700564971751412	0.8850574712643678
caecc06d-a6f1-41d8-9425-6d613fc6e850	0.8700564971751412	0.8850574712643678
caecc06d-a6f1-41d8-9425-6d613fc6e850	0.8700564971751412	0.8850574712643678
caecc06d-a6f1-41d8-9425-6d613fc6e850	0.8700564971751412	0.8850574712643678
caecc06d-a6f1-41d8-9425-6d613fc6e850	0.8700564971751412	0.8850574712643678
caecc06d-a6f1-41d8-9425-6d613fc6e850	0.8700564971751412	0.8850574712643678
caecc06d-a6f1-41d8-9425-6d613fc6e850	0.8700564971751412	0.8850574712643678
caecc06d-a6f1-41d8-9425-6d613fc6e850	0.8700564971751412	0.8850574712643678
caecc06d-a6f1-41d8-9425-6d613fc6e850	0.8700564971751412	0.8850574712643678
caecc06d-a6f1-41d8-9425-6d613fc6e850	0.8700564971751412	0.8850574712643678
caecc06d-a6f1-41d8-9425-6d613fc6e850	0.8700564971751412	0.8850574712643678
caecc06d-a6f1-41d8-9425-6d613fc6e850	0.8700564971751412	0.8850574712643678
caecc06d-a6f1-41d8-9425-6d613fc6e850	0.8700564971751412	0.8850574712643678
caecc06d-a6f1-41d8-9425-6d613fc6e850	0.8700564971751412	0.8850574712643678
caecc06d-a6f1-41d8-9425-6d613fc6e850	0.8700564971751412	0.8850574712643678
caecc06d-a6f1-41d8-9425-6d613fc6e850	0.8700564971751412	0.8850574712643678
caecc06d-a6f1-41d8-9425-6d613fc6e850	0.8700564971751412	0.8850574712643678
caecc06d-a6f1-41d8-9425-6d613fc6e850	0.8700564971751412	0.8850574712643678
caecc06d-a6f1-41d8-9425-6d613fc6e850	0.8700564971751412	0.8850574712643678
caecc06d-a6f1-41d8-9425-6d613fc6e850	0.8700564971751412	0.8850574712643678
caecc06d-a6f1-41d8-9425-6d613fc6e850	0.8700564971751412	0.8850574712643678
caecc06d-a6f1-41d8-9425-6d613fc6e850	0.8700564971751412	0.8850574712643678
caecc06d-a6f1-41d8-9425-6d613fc6e850	0.8700564971751412	0.8850574712643678
caecc06d-a6f1-41d8-9425-6d613fc6e850	0.8700564971751412	0.8850574712643678
caecc06d-a6f1-41d8-9425-6d613fc6e850	0.8700564971751412	0.8850574712643678
caecc06d-a6f1-41d8-9425-6d613fc6e850	0.8700564971751412	0.8850574712643678
caecc06d-a6f1-41d8-9425-6d613fc6e850	0.8700564971751412	0.8850574712643678
caecc06d-a6f1-41d8-9425-6d613fc6e850	0.8700564971751412	0.8850574712643678
caecc06d-a6f1-41d8-9425-6d613fc6e850	0.8700564971751412	0.8850574712643678
caecc06d-a6f1-41d8-9425-6d613fc6e850	0.8700564971751412	0.8850574712643678
caecc06d-a6f1-41d8-9425-6d613fc6e850	0.8700564971751412	0.8850574712643678
caecc06d-a6f1-41d8-9425-6d613fc6e850	0.8700564971751412	0.8850574712643678
caecc06d-a6f1-41d8-9425-6d613fc6e850	0.8700564971751412	0.8850574712643678
caecc06d-a6f1-41d8-9425-6d613fc6e850	0.8700564971751412	0.8850574712643678
caecc06d-a6f1-41d8-9425-6d613fc6e850	0.8700564971751412	0.8850574712643678
caecc06d-a6f1-41d8-9425-6d613fc6e850	0.8700564971751412	0.8850574712643678
caecc06d-a6f1-41d8-9425-6d613fc6e850	0.8700564971751412	0.8850574712643678
caecc06d-a6f1-41d8-9425-6d613fc6e850	0.8700564971751412	0.8850574712643678
caecc06d-a6f1-41d8-9425-6d613fc6e850	0.8700564971751412	0.8850574712643678
caecc06d-a6f1-41d8-9425-6d613fc6e850	0.8700564971751412	0.8850574712643678
caecc06d-a6f1-41d8-9425-6d613fc6e850	0.8700564971751412	0.8850574712643678
caecc06d-a6f1-41d8-9425-6d613fc6e850	0.8700564971751412	0.8850574712643678
caecc06d-a6f1-41d8-9425-6d613fc6e850	0.8700564971751412	0.8850574712643678
caecc06d-a6f1-41d8-9425-6d613fc6e850	0.8700564971751412	0.8850574712643678
caecc06d-a6f1-41d8-9425-6d613fc6e850	0.8700564971751412	0.8850574712643678
caecc06d-a6f1-41d8-9425-6d613fc6e850	0.8700564971751412	0.8850574712643678
caecc06d-a6f1-41d8-9425-6d613fc6e850	0.8700564971751412	0.8850574712643678
caecc06d-a6f1-41d8-9425-6d613fc6e850	0.8700564971751412	0.8850574712643678
caecc06d-a6f1-41d8-9425-6d613fc6e850	0.8700564971751412	0.8850574712643678
caecc06d-a6f1-41d8-9425-6d613fc6e850	0.8700564971751412	0.8850574712643678
caecc06d-a6f1-41d8-9425-6d613fc6e850	0.8700564971751412	0.8850574712643678
caecc06d-a6f1-41d8-9425-6d613fc6e850	0.8700564971751412	0.8850574712643678
caecc06d-a6f1-41d8-9425-6d613fc6e850	0.8700564971751412	0.8850574712643678
caecc06d-a6f1-41d8-9425-6d613fc6e850	0.8700564971751412	0.8850574712643678
caecc06d-a6f1-41d8-9425-6d613fc6e850	0.8700564971751412	0.8850574712643678
caecc06d-a6f1-41d8-9425-6d613fc6e850	0.8700564971751412	0.8850574712643678
caecc06d-a6f1-41d8-9425-6d613fc6e850	0.8700564971751412	0.8850574712643678
caecc06d-a6f1-41d8-9425-6d613fc6e850	0.8700564971751412	0.8850574712643678
caecc06d-a6f1-41d8-9425-6d613fc6e850	0.8700564971751412	0.8850574712643678
caecc06d-a6f1-41d8-9425-6d613fc6e850	0.8700564971751412	0.8850574712643678
caecc06d-a6f1-41d8-9425-6d613fc6e850	0.8700564971751412	0.8850574712643678
caecc06d-a6f1-41d8-9425-6d613fc6e850	0.8700564971751412	0.8850574712643678
caecc06d-a6f1-41d8-9425-6d613fc6e850	0.8700564971751412	0.8850574712643678
caecc06d-a6f1-41d8-9425-6d613fc6e850	0.8700564971751412	0.8850574712643678
caecc06d-a6f1-41d8-9425-6d613fc6e850	0.8700564971751412	0.8850574712643678
caecc06d-a6f1-41d8-9425-6d613fc6e850	0.8700564971751412	0.8850574712643678
caecc06d-a6f1-41d8-9425-6d613fc6e850	0.8700564971751412	0.8850574712643678
caecc06d-a6f1-41d8-9425-6d613fc6e850	0.8700564971751412	0.8850574712643678
caecc06d-a6f1-41d8-9425-6d613fc6e850	0.8700564971751412	0.8850574712643678
caecc06d-a6f1-41d8-9425-6d613fc6e850	0.8700564971751412	0.8850574712643678
caecc06d-a6f1-41d8-9425-6d613fc6e850	0.8700564971751412	0.8850574712643678
caecc06d-a6f1-41d8-9425-6d613fc6e850	0.8700564971751412	0.8850574712643678
caecc06d-a6f1-41d8-9425-6d613fc6e850	0.8700564971751412	0.8850574712643678
caecc06d-a6f1-41d8-9425-6d613fc6e850	0.8700564971751412	0.8850574712643678
caecc06d-a6f1-41d8-9425-6d613fc6e850	0.8700564971751412	0.8850574712643678
caecc06d-a6f1-41d8-9425-6d613fc6e850	0.8700564971751412	0.8850574712643678
caecc06d-a6f1-41d8-9425-6d613fc6e850	0.8700564971751412	0.8850574712643678
caecc06d-a6f1-41d8-9425-6d613fc6e850	0.8700564971751412	0.8850574712643678
caecc06d-a6f1-41d8-9425-6d613fc6e850	0.8700564971751412	0.8850574712643678
caecc06d-a6f1-41d8-9425-6d613fc6e850	0.8700564971751412	0.8850574712643678
caecc06d-a6f1-41d8-9425-6d613fc6e850	0.8700564971751412	0.8850574712643678
caecc06d-a6f1-41d8-9425-6d613fc6e850	0.8700564971751412	0.8850574712643678
caecc06d-a6f1-41d8-9425-6d613fc6e850	0.8700564971751412	0.8850574712643678
caecc06d-a6f1-41d8-9425-6d613fc6e850	0.8700564971751412	0.8850574712643678
caecc06d-a6f1-41d8-9425-6d613fc6e850	0.8700564971751412	0.8850574712643678
caecc06d-a6f1-41d8-9425-6d613fc6e850	0.8700564971751412	0.8850574712643678
caecc06d-a6f1-41d8-9425-6d613fc6e850	0.8700564971751412	0.8850574712643678
caecc06d-a6f1-41d8-9425-6d613fc6e850	0.8700564971751412	0.8850574712643678
caecc06d-a6f1-41d8-9425-6d613fc6e850	0.8700564971751412	0.8850574712643678
caecc06d-a6f1-41d8-9425-6d613fc6e850	0.8700564971751412	0.8850574712643678
caecc06d-a6f1-41d8-9425-6d613fc6e850	0.8700564971751412	0.8850574712643678
caecc06d-a6f1-41d8-9425-6d613fc6e850	0.8700564971751412	0.8850574712643678
caecc06d-a6f1-41d8-9425-6d613fc6e850	0.8700564971751412	0.8850574712643678
caecc06d-a6f1-41d8-9425-6d613fc6e850	0.8700564971751412	0.8850574712643678
caecc06d-a6f1-41d8-9425-6d613fc6e850	0.8700564971751412	0.8850574712643678
caecc06d-a6f1-41d8-9425-6d613fc6e850	0.8700564971751412	0.8850574712643678
caecc06d-a6f1-41d8-9425-6d613fc6e850	0.8700564971751412	0.8850574712643678
caecc06d-a6f1-41d8-9425-6d613fc6e850	0.8700564971751412	0.8850574712643678
caecc06d-a6f1-41d8-9425-6d613fc6e850	0.8700564971751412	0.8850574712643678
caecc06d-a6f1-41d8-9425-6d613fc6e850	0.8700564971751412	0.8850574712643678
caecc06d-a6f1-41d8-9425-6d613fc6e850	0.8700564971751412	0.8850574712643678
caecc06d-a6f1-41d8-9425-6d613fc6e850	0.8700564971751412	0.8850574712643678
caecc06d-a6f1-41d8-9425-6d613fc6e850	0.9322033898305084	0.873015873015873
caecc06d-a6f1-41d8-9425-6d613fc6e850	0.9322033898305084	0.873015873015873
caecc06d-a6f1-41d8-9425-6d613fc6e850	0.9322033898305084	0.873015873015873
caecc06d-a6f1-41d8-9425-6d613fc6e850	0.9322033898305084	0.873015873015873
caecc06d-a6f1-41d8-9425-6d613fc6e850	0.9322033898305084	0.873015873015873
caecc06d-a6f1-41d8-9425-6d613fc6e850	0.9322033898305084	0.873015873015873
caecc06d-a6f1-41d8-9425-6d613fc6e850	0.9322033898305084	0.873015873015873
caecc06d-a6f1-41d8-9425-6d613fc6e850	0.9322033898305084	0.873015873015873
caecc06d-a6f1-41d8-9425-6d613fc6e850	0.9322033898305084	0.873015873015873
caecc06d-a6f1-41d8-9425-6d613fc6e850	0.9322033898305084	0.873015873015873
caecc06d-a6f1-41d8-9425-6d613fc6e850	0.9322033898305084	0.873015873015873
caecc06d-a6f1-41d8-9425-6d613fc6e850	0.9322033898305084	0.873015873015873
caecc06d-a6f1-41d8-9425-6d613fc6e850	0.9322033898305084	0.873015873015873
caecc06d-a6f1-41d8-9425-6d613fc6e850	0.9322033898305084	0.873015873015873
caecc06d-a6f1-41d8-9425-6d613fc6e850	0.9322033898305084	0.873015873015873
caecc06d-a6f1-41d8-9425-6d613fc6e850	0.9322033898305084	0.873015873015873
caecc06d-a6f1-41d8-9425-6d613fc6e850	0.9322033898305084	0.873015873015873
caecc06d-a6f1-41d8-9425-6d613fc6e850	0.9322033898305084	0.873015873015873
caecc06d-a6f1-41d8-9425-6d613fc6e850	0.9322033898305084	0.873015873015873
caecc06d-a6f1-41d8-9425-6d613fc6e850	0.9322033898305084	0.873015873015873
caecc06d-a6f1-41d8-9425-6d613fc6e850	0.9322033898305084	0.873015873015873
caecc06d-a6f1-41d8-9425-6d613fc6e850	0.9322033898305084	0.873015873015873
caecc06d-a6f1-41d8-9425-6d613fc6e850	0.9322033898305084	0.873015873015873
caecc06d-a6f1-41d8-9425-6d613fc6e850	0.9322033898305084	0.873015873015873
caecc06d-a6f1-41d8-9425-6d613fc6e850	0.9322033898305084	0.873015873015873
caecc06d-a6f1-41d8-9425-6d613fc6e850	0.9322033898305084	0.873015873015873
caecc06d-a6f1-41d8-9425-6d613fc6e850	0.9322033898305084	0.873015873015873
caecc06d-a6f1-41d8-9425-6d613fc6e850	0.9322033898305084	0.873015873015873
caecc06d-a6f1-41d8-9425-6d613fc6e850	0.9322033898305084	0.873015873015873
caecc06d-a6f1-41d8-9425-6d613fc6e850	0.9322033898305084	0.873015873015873
caecc06d-a6f1-41d8-9425-6d613fc6e850	0.9322033898305084	0.873015873015873
caecc06d-a6f1-41d8-9425-6d613fc6e850	0.9322033898305084	0.873015873015873
caecc06d-a6f1-41d8-9425-6d613fc6e850	0.9322033898305084	0.873015873015873
caecc06d-a6f1-41d8-9425-6d613fc6e850	0.9322033898305084	0.873015873015873
caecc06d-a6f1-41d8-9425-6d613fc6e850	0.9322033898305084	0.873015873015873
caecc06d-a6f1-41d8-9425-6d613fc6e850	0.9322033898305084	0.873015873015873
caecc06d-a6f1-41d8-9425-6d613fc6e850	0.9322033898305084	0.873015873015873
caecc06d-a6f1-41d8-9425-6d613fc6e850	0.9322033898305084	0.873015873015873
caecc06d-a6f1-41d8-9425-6d613fc6e850	0.9322033898305084	0.873015873015873
caecc06d-a6f1-41d8-9425-6d613fc6e850	0.9322033898305084	0.873015873015873
caecc06d-a6f1-41d8-9425-6d613fc6e850	0.9322033898305084	0.873015873015873
caecc06d-a6f1-41d8-9425-6d613fc6e850	0.9322033898305084	0.873015873015873
caecc06d-a6f1-41d8-9425-6d613fc6e850	0.9322033898305084	0.873015873015873
caecc06d-a6f1-41d8-9425-6d613fc6e850	0.9322033898305084	0.873015873015873
caecc06d-a6f1-41d8-9425-6d613fc6e850	0.9322033898305084	0.873015873015873
caecc06d-a6f1-41d8-9425-6d613fc6e850	0.9322033898305084	0.873015873015873
caecc06d-a6f1-41d8-9425-6d613fc6e850	0.9322033898305084	0.873015873015873
caecc06d-a6f1-41d8-9425-6d613fc6e850	0.9322033898305084	0.873015873015873
caecc06d-a6f1-41d8-9425-6d613fc6e850	0.9322033898305084	0.873015873015873
caecc06d-a6f1-41d8-9425-6d613fc6e850	0.9322033898305084	0.873015873015873
caecc06d-a6f1-41d8-9425-6d613fc6e850	0.9322033898305084	0.873015873015873
caecc06d-a6f1-41d8-9425-6d613fc6e850	0.9322033898305084	0.873015873015873
caecc06d-a6f1-41d8-9425-6d613fc6e850	0.9322033898305084	0.873015873015873
caecc06d-a6f1-41d8-9425-6d613fc6e850	0.9322033898305084	0.873015873015873
caecc06d-a6f1-41d8-9425-6d613fc6e850	0.9322033898305084	0.873015873015873
caecc06d-a6f1-41d8-9425-6d613fc6e850	0.9322033898305084	0.873015873015873
caecc06d-a6f1-41d8-9425-6d613fc6e850	0.9322033898305084	0.873015873015873
caecc06d-a6f1-41d8-9425-6d613fc6e850	0.9322033898305084	0.873015873015873
caecc06d-a6f1-41d8-9425-6d613fc6e850	0.9322033898305084	0.873015873015873
caecc06d-a6f1-41d8-9425-6d613fc6e850	0.9322033898305084	0.873015873015873
caecc06d-a6f1-41d8-9425-6d613fc6e850	0.9322033898305084	0.873015873015873
caecc06d-a6f1-41d8-9425-6d613fc6e850	0.9322033898305084	0.873015873015873
caecc06d-a6f1-41d8-9425-6d613fc6e850	0.9322033898305084	0.873015873015873
caecc06d-a6f1-41d8-9425-6d613fc6e850	0.9322033898305084	0.873015873015873
caecc06d-a6f1-41d8-9425-6d613fc6e850	0.9322033898305084	0.873015873015873
caecc06d-a6f1-41d8-9425-6d613fc6e850	0.9322033898305084	0.873015873015873
caecc06d-a6f1-41d8-9425-6d613fc6e850	0.9322033898305084	0.873015873015873
caecc06d-a6f1-41d8-9425-6d613fc6e850	0.9322033898305084	0.873015873015873
caecc06d-a6f1-41d8-9425-6d613fc6e850	0.9322033898305084	0.873015873015873
caecc06d-a6f1-41d8-9425-6d613fc6e850	0.9322033898305084	0.873015873015873
caecc06d-a6f1-41d8-9425-6d613fc6e850	0.9322033898305084	0.873015873015873
caecc06d-a6f1-41d8-9425-6d613fc6e850	0.9322033898305084	0.873015873015873
caecc06d-a6f1-41d8-9425-6d613fc6e850	0.9322033898305084	0.873015873015873
caecc06d-a6f1-41d8-9425-6d613fc6e850	0.9322033898305084	0.873015873015873
caecc06d-a6f1-41d8-9425-6d613fc6e850	0.9322033898305084	0.873015873015873
caecc06d-a6f1-41d8-9425-6d613fc6e850	0.9322033898305084	0.873015873015873
caecc06d-a6f1-41d8-9425-6d613fc6e850	0.9322033898305084	0.873015873015873
caecc06d-a6f1-41d8-9425-6d613fc6e850	0.9322033898305084	0.873015873015873
caecc06d-a6f1-41d8-9425-6d613fc6e850	0.9322033898305084	0.873015873015873
caecc06d-a6f1-41d8-9425-6d613fc6e850	0.9322033898305084	0.873015873015873
caecc06d-a6f1-41d8-9425-6d613fc6e850	0.9322033898305084	0.873015873015873
caecc06d-a6f1-41d8-9425-6d613fc6e850	0.9322033898305084	0.873015873015873
caecc06d-a6f1-41d8-9425-6d613fc6e850	0.9322033898305084	0.873015873015873
caecc06d-a6f1-41d8-9425-6d613fc6e850	0.9322033898305084	0.873015873015873
caecc06d-a6f1-41d8-9425-6d613fc6e850	0.9322033898305084	0.873015873015873
caecc06d-a6f1-41d8-9425-6d613fc6e850	0.9322033898305084	0.873015873015873
caecc06d-a6f1-41d8-9425-6d613fc6e850	0.9322033898305084	0.873015873015873
caecc06d-a6f1-41d8-9425-6d613fc6e850	0.9322033898305084	0.873015873015873
caecc06d-a6f1-41d8-9425-6d613fc6e850	0.9322033898305084	0.873015873015873
caecc06d-a6f1-41d8-9425-6d613fc6e850	0.9322033898305084	0.873015873015873
caecc06d-a6f1-41d8-9425-6d613fc6e850	0.9322033898305084	0.873015873015873
caecc06d-a6f1-41d8-9425-6d613fc6e850	0.9322033898305084	0.873015873015873
caecc06d-a6f1-41d8-9425-6d613fc6e850	0.9322033898305084	0.873015873015873
caecc06d-a6f1-41d8-9425-6d613fc6e850	0.9322033898305084	0.873015873015873
caecc06d-a6f1-41d8-9425-6d613fc6e850	0.9322033898305084	0.873015873015873
caecc06d-a6f1-41d8-9425-6d613fc6e850	0.9322033898305084	0.873015873015873
caecc06d-a6f1-41d8-9425-6d613fc6e850	0.9322033898305084	0.873015873015873
caecc06d-a6f1-41d8-9425-6d613fc6e850	0.9322033898305084	0.873015873015873
caecc06d-a6f1-41d8-9425-6d613fc6e850	0.9322033898305084	0.873015873015873
caecc06d-a6f1-41d8-9425-6d613fc6e850	0.9322033898305084	0.873015873015873
caecc06d-a6f1-41d8-9425-6d613fc6e850	0.9322033898305084	0.873015873015873
caecc06d-a6f1-41d8-9425-6d613fc6e850	0.9322033898305084	0.873015873015873
caecc06d-a6f1-41d8-9425-6d613fc6e850	0.9322033898305084	0.873015873015873
caecc06d-a6f1-41d8-9425-6d613fc6e850	0.9322033898305084	0.873015873015873
caecc06d-a6f1-41d8-9425-6d613fc6e850	0.9322033898305084	0.873015873015873
caecc06d-a6f1-41d8-9425-6d613fc6e850	0.9322033898305084	0.873015873015873
caecc06d-a6f1-41d8-9425-6d613fc6e850	0.9322033898305084	0.873015873015873
caecc06d-a6f1-41d8-9425-6d613fc6e850	0.9322033898305084	0.873015873015873
caecc06d-a6f1-41d8-9425-6d613fc6e850	0.9322033898305084	0.873015873015873
caecc06d-a6f1-41d8-9425-6d613fc6e850	0.9322033898305084	0.873015873015873
caecc06d-a6f1-41d8-9425-6d613fc6e850	0.9322033898305084	0.873015873015873
caecc06d-a6f1-41d8-9425-6d613fc6e850	0.9322033898305084	0.873015873015873
caecc06d-a6f1-41d8-9425-6d613fc6e850	0.9322033898305084	0.873015873015873
caecc06d-a6f1-41d8-9425-6d613fc6e850	0.9322033898305084	0.873015873015873
caecc06d-a6f1-41d8-9425-6d613fc6e850	0.9322033898305084	0.873015873015873
caecc06d-a6f1-41d8-9425-6d613fc6e850	0.9322033898305084	0.873015873015873
caecc06d-a6f1-41d8-9425-6d613fc6e850	0.9322033898305084	0.873015873015873
caecc06d-a6f1-41d8-9425-6d613fc6e850	0.9322033898305084	0.873015873015873
caecc06d-a6f1-41d8-9425-6d613fc6e850	0.9322033898305084	0.873015873015873
caecc06d-a6f1-41d8-9425-6d613fc6e850	0.9322033898305084	0.873015873015873
caecc06d-a6f1-41d8-9425-6d613fc6e850	0.9322033898305084	0.873015873015873
caecc06d-a6f1-41d8-9425-6d613fc6e850	0.9322033898305084	0.873015873015873
caecc06d-a6f1-41d8-9425-6d613fc6e850	0.9322033898305084	0.873015873015873
caecc06d-a6f1-41d8-9425-6d613fc6e850	0.9322033898305084	0.873015873015873
caecc06d-a6f1-41d8-9425-6d613fc6e850	0.9322033898305084	0.873015873015873
caecc06d-a6f1-41d8-9425-6d613fc6e850	0.9661016949152542	0.868020304568528
caecc06d-a6f1-41d8-9425-6d613fc6e850	0.9661016949152542	0.868020304568528
caecc06d-a6f1-41d8-9425-6d613fc6e850	0.9661016949152542	0.868020304568528
caecc06d-a6f1-41d8-9425-6d613fc6e850	0.9661016949152542	0.868020304568528
caecc06d-a6f1-41d8-9425-6d613fc6e850	0.9661016949152542	0.868020304568528
caecc06d-a6f1-41d8-9425-6d613fc6e850	0.9661016949152542	0.868020304568528
caecc06d-a6f1-41d8-9425-6d613fc6e850	0.9661016949152542	0.868020304568528
caecc06d-a6f1-41d8-9425-6d613fc6e850	0.9661016949152542	0.868020304568528
caecc06d-a6f1-41d8-9425-6d613fc6e850	0.9661016949152542	0.868020304568528
caecc06d-a6f1-41d8-9425-6d613fc6e850	0.9661016949152542	0.868020304568528
caecc06d-a6f1-41d8-9425-6d613fc6e850	0.9661016949152542	0.868020304568528
caecc06d-a6f1-41d8-9425-6d613fc6e850	0.9661016949152542	0.868020304568528
caecc06d-a6f1-41d8-9425-6d613fc6e850	0.9661016949152542	0.868020304568528
caecc06d-a6f1-41d8-9425-6d613fc6e850	0.9661016949152542	0.868020304568528
caecc06d-a6f1-41d8-9425-6d613fc6e850	0.9661016949152542	0.868020304568528
caecc06d-a6f1-41d8-9425-6d613fc6e850	0.9661016949152542	0.868020304568528
caecc06d-a6f1-41d8-9425-6d613fc6e850	0.9661016949152542	0.868020304568528
caecc06d-a6f1-41d8-9425-6d613fc6e850	0.9661016949152542	0.868020304568528
caecc06d-a6f1-41d8-9425-6d613fc6e850	0.9661016949152542	0.868020304568528
caecc06d-a6f1-41d8-9425-6d613fc6e850	0.9661016949152542	0.868020304568528
caecc06d-a6f1-41d8-9425-6d613fc6e850	0.9661016949152542	0.868020304568528
caecc06d-a6f1-41d8-9425-6d613fc6e850	0.9661016949152542	0.868020304568528
caecc06d-a6f1-41d8-9425-6d613fc6e850	0.9661016949152542	0.868020304568528
caecc06d-a6f1-41d8-9425-6d613fc6e850	0.9661016949152542	0.868020304568528
caecc06d-a6f1-41d8-9425-6d613fc6e850	0.9661016949152542	0.868020304568528
caecc06d-a6f1-41d8-9425-6d613fc6e850	0.9661016949152542	0.868020304568528
caecc06d-a6f1-41d8-9425-6d613fc6e850	0.9661016949152542	0.868020304568528
caecc06d-a6f1-41d8-9425-6d613fc6e850	0.9661016949152542	0.868020304568528
caecc06d-a6f1-41d8-9425-6d613fc6e850	0.9661016949152542	0.868020304568528
caecc06d-a6f1-41d8-9425-6d613fc6e850	0.9661016949152542	0.868020304568528
caecc06d-a6f1-41d8-9425-6d613fc6e850	0.9661016949152542	0.868020304568528
caecc06d-a6f1-41d8-9425-6d613fc6e850	0.9661016949152542	0.868020304568528
caecc06d-a6f1-41d8-9425-6d613fc6e850	0.9661016949152542	0.868020304568528
caecc06d-a6f1-41d8-9425-6d613fc6e850	0.9661016949152542	0.868020304568528
caecc06d-a6f1-41d8-9425-6d613fc6e850	0.9661016949152542	0.868020304568528
caecc06d-a6f1-41d8-9425-6d613fc6e850	0.9661016949152542	0.868020304568528
caecc06d-a6f1-41d8-9425-6d613fc6e850	0.9661016949152542	0.868020304568528
caecc06d-a6f1-41d8-9425-6d613fc6e850	0.9661016949152542	0.868020304568528
caecc06d-a6f1-41d8-9425-6d613fc6e850	0.9661016949152542	0.868020304568528
caecc06d-a6f1-41d8-9425-6d613fc6e850	0.9661016949152542	0.868020304568528
caecc06d-a6f1-41d8-9425-6d613fc6e850	0.9661016949152542	0.868020304568528
caecc06d-a6f1-41d8-9425-6d613fc6e850	0.9661016949152542	0.868020304568528
caecc06d-a6f1-41d8-9425-6d613fc6e850	0.9661016949152542	0.868020304568528
caecc06d-a6f1-41d8-9425-6d613fc6e850	0.9661016949152542	0.868020304568528
caecc06d-a6f1-41d8-9425-6d613fc6e850	0.9661016949152542	0.868020304568528
caecc06d-a6f1-41d8-9425-6d613fc6e850	0.9661016949152542	0.868020304568528
caecc06d-a6f1-41d8-9425-6d613fc6e850	0.9661016949152542	0.868020304568528
caecc06d-a6f1-41d8-9425-6d613fc6e850	0.9661016949152542	0.868020304568528
caecc06d-a6f1-41d8-9425-6d613fc6e850	0.9661016949152542	0.868020304568528
caecc06d-a6f1-41d8-9425-6d613fc6e850	0.9661016949152542	0.868020304568528
caecc06d-a6f1-41d8-9425-6d613fc6e850	0.9661016949152542	0.868020304568528
caecc06d-a6f1-41d8-9425-6d613fc6e850	0.9661016949152542	0.868020304568528
caecc06d-a6f1-41d8-9425-6d613fc6e850	0.9661016949152542	0.868020304568528
caecc06d-a6f1-41d8-9425-6d613fc6e850	0.9661016949152542	0.868020304568528
caecc06d-a6f1-41d8-9425-6d613fc6e850	0.9661016949152542	0.868020304568528
caecc06d-a6f1-41d8-9425-6d613fc6e850	0.9661016949152542	0.868020304568528
caecc06d-a6f1-41d8-9425-6d613fc6e850	0.9661016949152542	0.868020304568528
caecc06d-a6f1-41d8-9425-6d613fc6e850	0.9661016949152542	0.868020304568528
caecc06d-a6f1-41d8-9425-6d613fc6e850	0.9661016949152542	0.868020304568528
caecc06d-a6f1-41d8-9425-6d613fc6e850	0.9661016949152542	0.868020304568528
caecc06d-a6f1-41d8-9425-6d613fc6e850	0.9661016949152542	0.868020304568528
caecc06d-a6f1-41d8-9425-6d613fc6e850	0.9661016949152542	0.868020304568528
caecc06d-a6f1-41d8-9425-6d613fc6e850	0.9661016949152542	0.868020304568528
caecc06d-a6f1-41d8-9425-6d613fc6e850	0.9661016949152542	0.868020304568528
caecc06d-a6f1-41d8-9425-6d613fc6e850	0.9661016949152542	0.868020304568528
caecc06d-a6f1-41d8-9425-6d613fc6e850	0.9661016949152542	0.868020304568528
caecc06d-a6f1-41d8-9425-6d613fc6e850	0.9661016949152542	0.868020304568528
caecc06d-a6f1-41d8-9425-6d613fc6e850	0.9661016949152542	0.868020304568528
caecc06d-a6f1-41d8-9425-6d613fc6e850	0.9661016949152542	0.868020304568528
caecc06d-a6f1-41d8-9425-6d613fc6e850	0.9661016949152542	0.868020304568528
caecc06d-a6f1-41d8-9425-6d613fc6e850	0.9661016949152542	0.868020304568528
caecc06d-a6f1-41d8-9425-6d613fc6e850	0.9661016949152542	0.868020304568528
caecc06d-a6f1-41d8-9425-6d613fc6e850	0.9661016949152542	0.868020304568528
caecc06d-a6f1-41d8-9425-6d613fc6e850	0.9661016949152542	0.868020304568528
caecc06d-a6f1-41d8-9425-6d613fc6e850	0.9661016949152542	0.868020304568528
caecc06d-a6f1-41d8-9425-6d613fc6e850	0.9661016949152542	0.868020304568528
caecc06d-a6f1-41d8-9425-6d613fc6e850	0.9661016949152542	0.868020304568528
caecc06d-a6f1-41d8-9425-6d613fc6e850	0.9661016949152542	0.868020304568528
caecc06d-a6f1-41d8-9425-6d613fc6e850	0.9661016949152542	0.868020304568528
caecc06d-a6f1-41d8-9425-6d613fc6e850	0.9661016949152542	0.868020304568528
caecc06d-a6f1-41d8-9425-6d613fc6e850	0.9661016949152542	0.868020304568528
caecc06d-a6f1-41d8-9425-6d613fc6e850	0.9661016949152542	0.868020304568528
caecc06d-a6f1-41d8-9425-6d613fc6e850	0.9661016949152542	0.868020304568528
caecc06d-a6f1-41d8-9425-6d613fc6e850	0.9661016949152542	0.868020304568528
caecc06d-a6f1-41d8-9425-6d613fc6e850	0.9661016949152542	0.868020304568528
caecc06d-a6f1-41d8-9425-6d613fc6e850	0.9661016949152542	0.868020304568528
caecc06d-a6f1-41d8-9425-6d613fc6e850	0.9661016949152542	0.868020304568528
caecc06d-a6f1-41d8-9425-6d613fc6e850	0.9661016949152542	0.868020304568528
caecc06d-a6f1-41d8-9425-6d613fc6e850	0.9661016949152542	0.868020304568528
caecc06d-a6f1-41d8-9425-6d613fc6e850	0.9661016949152542	0.868020304568528
caecc06d-a6f1-41d8-9425-6d613fc6e850	0.9661016949152542	0.868020304568528
caecc06d-a6f1-41d8-9425-6d613fc6e850	0.9661016949152542	0.868020304568528
caecc06d-a6f1-41d8-9425-6d613fc6e850	0.9661016949152542	0.868020304568528
caecc06d-a6f1-41d8-9425-6d613fc6e850	0.9661016949152542	0.868020304568528
caecc06d-a6f1-41d8-9425-6d613fc6e850	0.9661016949152542	0.868020304568528
caecc06d-a6f1-41d8-9425-6d613fc6e850	0.9661016949152542	0.868020304568528
caecc06d-a6f1-41d8-9425-6d613fc6e850	0.9661016949152542	0.868020304568528
caecc06d-a6f1-41d8-9425-6d613fc6e850	0.9661016949152542	0.868020304568528
caecc06d-a6f1-41d8-9425-6d613fc6e850	0.9661016949152542	0.868020304568528
caecc06d-a6f1-41d8-9425-6d613fc6e850	0.9661016949152542	0.868020304568528
caecc06d-a6f1-41d8-9425-6d613fc6e850	0.9661016949152542	0.868020304568528
caecc06d-a6f1-41d8-9425-6d613fc6e850	0.9661016949152542	0.868020304568528
caecc06d-a6f1-41d8-9425-6d613fc6e850	0.9661016949152542	0.868020304568528
caecc06d-a6f1-41d8-9425-6d613fc6e850	0.9661016949152542	0.868020304568528
caecc06d-a6f1-41d8-9425-6d613fc6e850	0.9661016949152542	0.868020304568528
caecc06d-a6f1-41d8-9425-6d613fc6e850	0.9661016949152542	0.868020304568528
caecc06d-a6f1-41d8-9425-6d613fc6e850	0.9661016949152542	0.868020304568528
caecc06d-a6f1-41d8-9425-6d613fc6e850	0.9661016949152542	0.868020304568528
caecc06d-a6f1-41d8-9425-6d613fc6e850	0.9661016949152542	0.868020304568528
caecc06d-a6f1-41d8-9425-6d613fc6e850	0.9661016949152542	0.868020304568528
caecc06d-a6f1-41d8-9425-6d613fc6e850	0.9661016949152542	0.868020304568528
caecc06d-a6f1-41d8-9425-6d613fc6e850	0.9661016949152542	0.868020304568528
caecc06d-a6f1-41d8-9425-6d613fc6e850	0.9661016949152542	0.868020304568528
caecc06d-a6f1-41d8-9425-6d613fc6e850	0.9661016949152542	0.868020304568528
caecc06d-a6f1-41d8-9425-6d613fc6e850	0.9661016949152542	0.868020304568528
caecc06d-a6f1-41d8-9425-6d613fc6e850	0.9661016949152542	0.868020304568528
caecc06d-a6f1-41d8-9425-6d613fc6e850	0.9661016949152542	0.868020304568528
caecc06d-a6f1-41d8-9425-6d613fc6e850	0.9661016949152542	0.868020304568528
caecc06d-a6f1-41d8-9425-6d613fc6e850	0.9661016949152542	0.868020304568528
caecc06d-a6f1-41d8-9425-6d613fc6e850	0.9661016949152542	0.868020304568528
caecc06d-a6f1-41d8-9425-6d613fc6e850	0.9661016949152542	0.868020304568528
caecc06d-a6f1-41d8-9425-6d613fc6e850	0.9661016949152542	0.868020304568528
caecc06d-a6f1-41d8-9425-6d613fc6e850	0.9661016949152542	0.868020304568528
caecc06d-a6f1-41d8-9425-6d613fc6e850	0.9661016949152542	0.868020304568528
caecc06d-a6f1-41d8-9425-6d613fc6e850	0.9661016949152542	0.868020304568528
caecc06d-a6f1-41d8-9425-6d613fc6e850	0.9717514124293786	0.8557213930348259
caecc06d-a6f1-41d8-9425-6d613fc6e850	0.9717514124293786	0.8557213930348259
caecc06d-a6f1-41d8-9425-6d613fc6e850	0.9717514124293786	0.8557213930348259
caecc06d-a6f1-41d8-9425-6d613fc6e850	0.9717514124293786	0.8557213930348259
caecc06d-a6f1-41d8-9425-6d613fc6e850	0.9717514124293786	0.8557213930348259
caecc06d-a6f1-41d8-9425-6d613fc6e850	0.9717514124293786	0.8557213930348259
caecc06d-a6f1-41d8-9425-6d613fc6e850	0.9717514124293786	0.8557213930348259
caecc06d-a6f1-41d8-9425-6d613fc6e850	0.9717514124293786	0.8557213930348259
caecc06d-a6f1-41d8-9425-6d613fc6e850	0.9717514124293786	0.8557213930348259
caecc06d-a6f1-41d8-9425-6d613fc6e850	0.9717514124293786	0.8557213930348259
caecc06d-a6f1-41d8-9425-6d613fc6e850	0.9717514124293786	0.8557213930348259
caecc06d-a6f1-41d8-9425-6d613fc6e850	0.9717514124293786	0.8557213930348259
caecc06d-a6f1-41d8-9425-6d613fc6e850	0.9717514124293786	0.8557213930348259
caecc06d-a6f1-41d8-9425-6d613fc6e850	0.9717514124293786	0.8557213930348259
caecc06d-a6f1-41d8-9425-6d613fc6e850	0.9717514124293786	0.8557213930348259
caecc06d-a6f1-41d8-9425-6d613fc6e850	0.9717514124293786	0.8557213930348259
caecc06d-a6f1-41d8-9425-6d613fc6e850	0.9717514124293786	0.8557213930348259
caecc06d-a6f1-41d8-9425-6d613fc6e850	0.9717514124293786	0.8557213930348259
caecc06d-a6f1-41d8-9425-6d613fc6e850	0.9717514124293786	0.8557213930348259
caecc06d-a6f1-41d8-9425-6d613fc6e850	0.9717514124293786	0.8557213930348259
caecc06d-a6f1-41d8-9425-6d613fc6e850	0.9717514124293786	0.8557213930348259
caecc06d-a6f1-41d8-9425-6d613fc6e850	0.9717514124293786	0.8557213930348259
caecc06d-a6f1-41d8-9425-6d613fc6e850	0.9717514124293786	0.8557213930348259
caecc06d-a6f1-41d8-9425-6d613fc6e850	0.9717514124293786	0.8557213930348259
caecc06d-a6f1-41d8-9425-6d613fc6e850	0.9717514124293786	0.8557213930348259
caecc06d-a6f1-41d8-9425-6d613fc6e850	0.9717514124293786	0.8557213930348259
caecc06d-a6f1-41d8-9425-6d613fc6e850	0.9717514124293786	0.8557213930348259
caecc06d-a6f1-41d8-9425-6d613fc6e850	0.9717514124293786	0.8557213930348259
caecc06d-a6f1-41d8-9425-6d613fc6e850	0.9717514124293786	0.8557213930348259
caecc06d-a6f1-41d8-9425-6d613fc6e850	0.9717514124293786	0.8557213930348259
caecc06d-a6f1-41d8-9425-6d613fc6e850	0.9717514124293786	0.8557213930348259
caecc06d-a6f1-41d8-9425-6d613fc6e850	0.9717514124293786	0.8557213930348259
caecc06d-a6f1-41d8-9425-6d613fc6e850	0.9717514124293786	0.8557213930348259
caecc06d-a6f1-41d8-9425-6d613fc6e850	0.9717514124293786	0.8557213930348259
caecc06d-a6f1-41d8-9425-6d613fc6e850	0.9717514124293786	0.8557213930348259
caecc06d-a6f1-41d8-9425-6d613fc6e850	0.9717514124293786	0.8557213930348259
caecc06d-a6f1-41d8-9425-6d613fc6e850	0.9717514124293786	0.8557213930348259
caecc06d-a6f1-41d8-9425-6d613fc6e850	0.9717514124293786	0.8557213930348259
caecc06d-a6f1-41d8-9425-6d613fc6e850	0.9717514124293786	0.8557213930348259
caecc06d-a6f1-41d8-9425-6d613fc6e850	0.9717514124293786	0.8557213930348259
caecc06d-a6f1-41d8-9425-6d613fc6e850	0.9717514124293786	0.8557213930348259
caecc06d-a6f1-41d8-9425-6d613fc6e850	0.9717514124293786	0.8557213930348259
caecc06d-a6f1-41d8-9425-6d613fc6e850	0.9717514124293786	0.8557213930348259
caecc06d-a6f1-41d8-9425-6d613fc6e850	0.9717514124293786	0.8557213930348259
caecc06d-a6f1-41d8-9425-6d613fc6e850	0.9717514124293786	0.8557213930348259
caecc06d-a6f1-41d8-9425-6d613fc6e850	0.9717514124293786	0.8557213930348259
caecc06d-a6f1-41d8-9425-6d613fc6e850	0.9717514124293786	0.8557213930348259
caecc06d-a6f1-41d8-9425-6d613fc6e850	0.9717514124293786	0.8557213930348259
caecc06d-a6f1-41d8-9425-6d613fc6e850	0.9717514124293786	0.8557213930348259
caecc06d-a6f1-41d8-9425-6d613fc6e850	0.9717514124293786	0.8557213930348259
caecc06d-a6f1-41d8-9425-6d613fc6e850	0.9717514124293786	0.8557213930348259
caecc06d-a6f1-41d8-9425-6d613fc6e850	0.9717514124293786	0.8557213930348259
caecc06d-a6f1-41d8-9425-6d613fc6e850	0.9717514124293786	0.8557213930348259
caecc06d-a6f1-41d8-9425-6d613fc6e850	0.9717514124293786	0.8557213930348259
caecc06d-a6f1-41d8-9425-6d613fc6e850	0.9717514124293786	0.8557213930348259
caecc06d-a6f1-41d8-9425-6d613fc6e850	0.9717514124293786	0.8557213930348259
caecc06d-a6f1-41d8-9425-6d613fc6e850	0.9717514124293786	0.8557213930348259
caecc06d-a6f1-41d8-9425-6d613fc6e850	0.9717514124293786	0.8557213930348259
caecc06d-a6f1-41d8-9425-6d613fc6e850	0.9717514124293786	0.8557213930348259
caecc06d-a6f1-41d8-9425-6d613fc6e850	0.9717514124293786	0.8557213930348259
caecc06d-a6f1-41d8-9425-6d613fc6e850	0.9717514124293786	0.8557213930348259
caecc06d-a6f1-41d8-9425-6d613fc6e850	0.9717514124293786	0.8557213930348259
caecc06d-a6f1-41d8-9425-6d613fc6e850	0.9717514124293786	0.8557213930348259
caecc06d-a6f1-41d8-9425-6d613fc6e850	0.9717514124293786	0.8557213930348259
caecc06d-a6f1-41d8-9425-6d613fc6e850	0.9717514124293786	0.8557213930348259
caecc06d-a6f1-41d8-9425-6d613fc6e850	0.9717514124293786	0.8557213930348259
caecc06d-a6f1-41d8-9425-6d613fc6e850	0.9717514124293786	0.8557213930348259
caecc06d-a6f1-41d8-9425-6d613fc6e850	0.9717514124293786	0.8557213930348259
caecc06d-a6f1-41d8-9425-6d613fc6e850	0.9717514124293786	0.8557213930348259
caecc06d-a6f1-41d8-9425-6d613fc6e850	0.9717514124293786	0.8557213930348259
caecc06d-a6f1-41d8-9425-6d613fc6e850	0.9717514124293786	0.8557213930348259
caecc06d-a6f1-41d8-9425-6d613fc6e850	0.9717514124293786	0.8557213930348259
caecc06d-a6f1-41d8-9425-6d613fc6e850	0.9717514124293786	0.8557213930348259
caecc06d-a6f1-41d8-9425-6d613fc6e850	0.9717514124293786	0.8557213930348259
caecc06d-a6f1-41d8-9425-6d613fc6e850	0.9717514124293786	0.8557213930348259
caecc06d-a6f1-41d8-9425-6d613fc6e850	0.9717514124293786	0.8557213930348259
caecc06d-a6f1-41d8-9425-6d613fc6e850	0.9717514124293786	0.8557213930348259
caecc06d-a6f1-41d8-9425-6d613fc6e850	0.9717514124293786	0.8557213930348259
caecc06d-a6f1-41d8-9425-6d613fc6e850	0.9717514124293786	0.8557213930348259
caecc06d-a6f1-41d8-9425-6d613fc6e850	0.9717514124293786	0.8557213930348259
caecc06d-a6f1-41d8-9425-6d613fc6e850	0.9717514124293786	0.8557213930348259
caecc06d-a6f1-41d8-9425-6d613fc6e850	0.9717514124293786	0.8557213930348259
caecc06d-a6f1-41d8-9425-6d613fc6e850	0.9717514124293786	0.8557213930348259
caecc06d-a6f1-41d8-9425-6d613fc6e850	0.9717514124293786	0.8557213930348259
caecc06d-a6f1-41d8-9425-6d613fc6e850	0.9717514124293786	0.8557213930348259
caecc06d-a6f1-41d8-9425-6d613fc6e850	0.9717514124293786	0.8557213930348259
caecc06d-a6f1-41d8-9425-6d613fc6e850	0.9717514124293786	0.8557213930348259
caecc06d-a6f1-41d8-9425-6d613fc6e850	0.9717514124293786	0.8557213930348259
caecc06d-a6f1-41d8-9425-6d613fc6e850	0.9717514124293786	0.8557213930348259
caecc06d-a6f1-41d8-9425-6d613fc6e850	0.9717514124293786	0.8557213930348259
caecc06d-a6f1-41d8-9425-6d613fc6e850	0.9717514124293786	0.8557213930348259
caecc06d-a6f1-41d8-9425-6d613fc6e850	0.9717514124293786	0.8557213930348259
caecc06d-a6f1-41d8-9425-6d613fc6e850	0.9717514124293786	0.8557213930348259
caecc06d-a6f1-41d8-9425-6d613fc6e850	0.9717514124293786	0.8557213930348259
caecc06d-a6f1-41d8-9425-6d613fc6e850	0.9717514124293786	0.8557213930348259
caecc06d-a6f1-41d8-9425-6d613fc6e850	0.9717514124293786	0.8557213930348259
caecc06d-a6f1-41d8-9425-6d613fc6e850	0.9717514124293786	0.8557213930348259
caecc06d-a6f1-41d8-9425-6d613fc6e850	0.9717514124293786	0.8557213930348259
caecc06d-a6f1-41d8-9425-6d613fc6e850	0.9717514124293786	0.8557213930348259
caecc06d-a6f1-41d8-9425-6d613fc6e850	0.9717514124293786	0.8557213930348259
caecc06d-a6f1-41d8-9425-6d613fc6e850	0.9717514124293786	0.8557213930348259
caecc06d-a6f1-41d8-9425-6d613fc6e850	0.9717514124293786	0.8557213930348259
caecc06d-a6f1-41d8-9425-6d613fc6e850	0.9717514124293786	0.8557213930348259
caecc06d-a6f1-41d8-9425-6d613fc6e850	0.9717514124293786	0.8557213930348259
caecc06d-a6f1-41d8-9425-6d613fc6e850	0.9717514124293786	0.8557213930348259
caecc06d-a6f1-41d8-9425-6d613fc6e850	0.9717514124293786	0.8557213930348259
caecc06d-a6f1-41d8-9425-6d613fc6e850	0.9717514124293786	0.8557213930348259
caecc06d-a6f1-41d8-9425-6d613fc6e850	0.9717514124293786	0.8557213930348259
caecc06d-a6f1-41d8-9425-6d613fc6e850	0.9717514124293786	0.8557213930348259
caecc06d-a6f1-41d8-9425-6d613fc6e850	0.9717514124293786	0.8557213930348259
caecc06d-a6f1-41d8-9425-6d613fc6e850	0.9717514124293786	0.8557213930348259
caecc06d-a6f1-41d8-9425-6d613fc6e850	0.9717514124293786	0.8557213930348259
caecc06d-a6f1-41d8-9425-6d613fc6e850	0.9717514124293786	0.8557213930348259
caecc06d-a6f1-41d8-9425-6d613fc6e850	0.9717514124293786	0.8557213930348259
caecc06d-a6f1-41d8-9425-6d613fc6e850	0.9717514124293786	0.8557213930348259
caecc06d-a6f1-41d8-9425-6d613fc6e850	0.9717514124293786	0.8557213930348259
caecc06d-a6f1-41d8-9425-6d613fc6e850	0.9717514124293786	0.8557213930348259
caecc06d-a6f1-41d8-9425-6d613fc6e850	0.9717514124293786	0.8557213930348259
caecc06d-a6f1-41d8-9425-6d613fc6e850	0.9717514124293786	0.8557213930348259
caecc06d-a6f1-41d8-9425-6d613fc6e850	0.9717514124293786	0.8557213930348259
caecc06d-a6f1-41d8-9425-6d613fc6e850	0.9717514124293786	0.8557213930348259
caecc06d-a6f1-41d8-9425-6d613fc6e850	0.9717514124293786	0.8557213930348259
caecc06d-a6f1-41d8-9425-6d613fc6e850	0.9717514124293786	0.8557213930348259
caecc06d-a6f1-41d8-9425-6d613fc6e850	0.9717514124293786	0.8557213930348259
caecc06d-a6f1-41d8-9425-6d613fc6e850	0.9717514124293786	0.8557213930348259
caecc06d-a6f1-41d8-9425-6d613fc6e850	0.9887005649717514	0.8254716981132075
caecc06d-a6f1-41d8-9425-6d613fc6e850	0.9887005649717514	0.8254716981132075
caecc06d-a6f1-41d8-9425-6d613fc6e850	0.9887005649717514	0.8254716981132075
caecc06d-a6f1-41d8-9425-6d613fc6e850	0.9887005649717514	0.8254716981132075
caecc06d-a6f1-41d8-9425-6d613fc6e850	0.9887005649717514	0.8254716981132075
caecc06d-a6f1-41d8-9425-6d613fc6e850	0.9887005649717514	0.8254716981132075
caecc06d-a6f1-41d8-9425-6d613fc6e850	0.9887005649717514	0.8254716981132075
caecc06d-a6f1-41d8-9425-6d613fc6e850	0.9887005649717514	0.8254716981132075
caecc06d-a6f1-41d8-9425-6d613fc6e850	0.9887005649717514	0.8254716981132075
caecc06d-a6f1-41d8-9425-6d613fc6e850	0.9887005649717514	0.8254716981132075
caecc06d-a6f1-41d8-9425-6d613fc6e850	0.9887005649717514	0.8254716981132075
caecc06d-a6f1-41d8-9425-6d613fc6e850	0.9887005649717514	0.8254716981132075
caecc06d-a6f1-41d8-9425-6d613fc6e850	0.9887005649717514	0.8254716981132075
caecc06d-a6f1-41d8-9425-6d613fc6e850	0.9887005649717514	0.8254716981132075
caecc06d-a6f1-41d8-9425-6d613fc6e850	0.9887005649717514	0.8254716981132075
caecc06d-a6f1-41d8-9425-6d613fc6e850	0.9887005649717514	0.8254716981132075
caecc06d-a6f1-41d8-9425-6d613fc6e850	0.9887005649717514	0.8254716981132075
caecc06d-a6f1-41d8-9425-6d613fc6e850	0.9887005649717514	0.8254716981132075
caecc06d-a6f1-41d8-9425-6d613fc6e850	0.9887005649717514	0.8254716981132075
caecc06d-a6f1-41d8-9425-6d613fc6e850	0.9887005649717514	0.8254716981132075
caecc06d-a6f1-41d8-9425-6d613fc6e850	0.9887005649717514	0.8254716981132075
caecc06d-a6f1-41d8-9425-6d613fc6e850	0.9887005649717514	0.8254716981132075
caecc06d-a6f1-41d8-9425-6d613fc6e850	0.9887005649717514	0.8254716981132075
caecc06d-a6f1-41d8-9425-6d613fc6e850	0.9887005649717514	0.8254716981132075
caecc06d-a6f1-41d8-9425-6d613fc6e850	0.9887005649717514	0.8254716981132075
caecc06d-a6f1-41d8-9425-6d613fc6e850	0.9887005649717514	0.8254716981132075
caecc06d-a6f1-41d8-9425-6d613fc6e850	0.9887005649717514	0.8254716981132075
caecc06d-a6f1-41d8-9425-6d613fc6e850	0.9887005649717514	0.8254716981132075
caecc06d-a6f1-41d8-9425-6d613fc6e850	0.9887005649717514	0.8254716981132075
caecc06d-a6f1-41d8-9425-6d613fc6e850	0.9887005649717514	0.8254716981132075
caecc06d-a6f1-41d8-9425-6d613fc6e850	0.9887005649717514	0.8254716981132075
caecc06d-a6f1-41d8-9425-6d613fc6e850	0.9887005649717514	0.8254716981132075
caecc06d-a6f1-41d8-9425-6d613fc6e850	0.9887005649717514	0.8254716981132075
caecc06d-a6f1-41d8-9425-6d613fc6e850	0.9887005649717514	0.8254716981132075
caecc06d-a6f1-41d8-9425-6d613fc6e850	0.9887005649717514	0.8254716981132075
caecc06d-a6f1-41d8-9425-6d613fc6e850	0.9887005649717514	0.8254716981132075
caecc06d-a6f1-41d8-9425-6d613fc6e850	0.9887005649717514	0.8254716981132075
caecc06d-a6f1-41d8-9425-6d613fc6e850	0.9887005649717514	0.8254716981132075
caecc06d-a6f1-41d8-9425-6d613fc6e850	0.9887005649717514	0.8254716981132075
caecc06d-a6f1-41d8-9425-6d613fc6e850	0.9887005649717514	0.8254716981132075
caecc06d-a6f1-41d8-9425-6d613fc6e850	0.9887005649717514	0.8254716981132075
caecc06d-a6f1-41d8-9425-6d613fc6e850	0.9887005649717514	0.8254716981132075
caecc06d-a6f1-41d8-9425-6d613fc6e850	0.9887005649717514	0.8254716981132075
caecc06d-a6f1-41d8-9425-6d613fc6e850	0.9887005649717514	0.8254716981132075
caecc06d-a6f1-41d8-9425-6d613fc6e850	0.9887005649717514	0.8254716981132075
caecc06d-a6f1-41d8-9425-6d613fc6e850	0.9887005649717514	0.8254716981132075
caecc06d-a6f1-41d8-9425-6d613fc6e850	0.9887005649717514	0.8254716981132075
caecc06d-a6f1-41d8-9425-6d613fc6e850	0.9887005649717514	0.8254716981132075
caecc06d-a6f1-41d8-9425-6d613fc6e850	0.9887005649717514	0.8254716981132075
caecc06d-a6f1-41d8-9425-6d613fc6e850	0.9887005649717514	0.8254716981132075
caecc06d-a6f1-41d8-9425-6d613fc6e850	0.9887005649717514	0.8254716981132075
caecc06d-a6f1-41d8-9425-6d613fc6e850	0.9887005649717514	0.8254716981132075
caecc06d-a6f1-41d8-9425-6d613fc6e850	0.9887005649717514	0.8254716981132075
caecc06d-a6f1-41d8-9425-6d613fc6e850	0.9887005649717514	0.8254716981132075
caecc06d-a6f1-41d8-9425-6d613fc6e850	0.9887005649717514	0.8254716981132075
caecc06d-a6f1-41d8-9425-6d613fc6e850	0.9887005649717514	0.8254716981132075
caecc06d-a6f1-41d8-9425-6d613fc6e850	0.9887005649717514	0.8254716981132075
caecc06d-a6f1-41d8-9425-6d613fc6e850	0.9887005649717514	0.8254716981132075
caecc06d-a6f1-41d8-9425-6d613fc6e850	0.9887005649717514	0.8254716981132075
caecc06d-a6f1-41d8-9425-6d613fc6e850	0.9887005649717514	0.8254716981132075
caecc06d-a6f1-41d8-9425-6d613fc6e850	0.9887005649717514	0.8254716981132075
caecc06d-a6f1-41d8-9425-6d613fc6e850	0.9887005649717514	0.8254716981132075
caecc06d-a6f1-41d8-9425-6d613fc6e850	0.9887005649717514	0.8254716981132075
caecc06d-a6f1-41d8-9425-6d613fc6e850	0.9887005649717514	0.8254716981132075
caecc06d-a6f1-41d8-9425-6d613fc6e850	0.9887005649717514	0.8254716981132075
caecc06d-a6f1-41d8-9425-6d613fc6e850	0.9887005649717514	0.8254716981132075
caecc06d-a6f1-41d8-9425-6d613fc6e850	0.9887005649717514	0.8254716981132075
caecc06d-a6f1-41d8-9425-6d613fc6e850	0.9887005649717514	0.8254716981132075
caecc06d-a6f1-41d8-9425-6d613fc6e850	0.9887005649717514	0.8254716981132075
caecc06d-a6f1-41d8-9425-6d613fc6e850	0.9887005649717514	0.8254716981132075
caecc06d-a6f1-41d8-9425-6d613fc6e850	0.9887005649717514	0.8254716981132075
caecc06d-a6f1-41d8-9425-6d613fc6e850	0.9887005649717514	0.8254716981132075
caecc06d-a6f1-41d8-9425-6d613fc6e850	0.9887005649717514	0.8254716981132075
caecc06d-a6f1-41d8-9425-6d613fc6e850	0.9887005649717514	0.8254716981132075
caecc06d-a6f1-41d8-9425-6d613fc6e850	0.9887005649717514	0.8254716981132075
caecc06d-a6f1-41d8-9425-6d613fc6e850	0.9887005649717514	0.8254716981132075
caecc06d-a6f1-41d8-9425-6d613fc6e850	0.9887005649717514	0.8254716981132075
caecc06d-a6f1-41d8-9425-6d613fc6e850	0.9887005649717514	0.8254716981132075
caecc06d-a6f1-41d8-9425-6d613fc6e850	0.9887005649717514	0.8254716981132075
caecc06d-a6f1-41d8-9425-6d613fc6e850	0.9887005649717514	0.8254716981132075
caecc06d-a6f1-41d8-9425-6d613fc6e850	0.9887005649717514	0.8254716981132075
caecc06d-a6f1-41d8-9425-6d613fc6e850	0.9887005649717514	0.8254716981132075
caecc06d-a6f1-41d8-9425-6d613fc6e850	0.9887005649717514	0.8254716981132075
caecc06d-a6f1-41d8-9425-6d613fc6e850	0.9887005649717514	0.8254716981132075
caecc06d-a6f1-41d8-9425-6d613fc6e850	0.9887005649717514	0.8254716981132075
caecc06d-a6f1-41d8-9425-6d613fc6e850	0.9887005649717514	0.8254716981132075
caecc06d-a6f1-41d8-9425-6d613fc6e850	0.9887005649717514	0.8254716981132075
caecc06d-a6f1-41d8-9425-6d613fc6e850	0.9887005649717514	0.8254716981132075
caecc06d-a6f1-41d8-9425-6d613fc6e850	0.9887005649717514	0.8254716981132075
caecc06d-a6f1-41d8-9425-6d613fc6e850	0.9887005649717514	0.8254716981132075
caecc06d-a6f1-41d8-9425-6d613fc6e850	0.9887005649717514	0.8254716981132075
caecc06d-a6f1-41d8-9425-6d613fc6e850	0.9887005649717514	0.8254716981132075
caecc06d-a6f1-41d8-9425-6d613fc6e850	0.9887005649717514	0.8254716981132075
caecc06d-a6f1-41d8-9425-6d613fc6e850	0.9887005649717514	0.8254716981132075
caecc06d-a6f1-41d8-9425-6d613fc6e850	0.9887005649717514	0.8254716981132075
caecc06d-a6f1-41d8-9425-6d613fc6e850	0.9887005649717514	0.8254716981132075
caecc06d-a6f1-41d8-9425-6d613fc6e850	0.9887005649717514	0.8254716981132075
caecc06d-a6f1-41d8-9425-6d613fc6e850	0.9887005649717514	0.8254716981132075
caecc06d-a6f1-41d8-9425-6d613fc6e850	0.9887005649717514	0.8254716981132075
caecc06d-a6f1-41d8-9425-6d613fc6e850	0.9887005649717514	0.8254716981132075
caecc06d-a6f1-41d8-9425-6d613fc6e850	0.9887005649717514	0.8254716981132075
caecc06d-a6f1-41d8-9425-6d613fc6e850	0.9887005649717514	0.8254716981132075
caecc06d-a6f1-41d8-9425-6d613fc6e850	0.9887005649717514	0.8254716981132075
caecc06d-a6f1-41d8-9425-6d613fc6e850	0.9887005649717514	0.8254716981132075
caecc06d-a6f1-41d8-9425-6d613fc6e850	0.9887005649717514	0.8254716981132075
caecc06d-a6f1-41d8-9425-6d613fc6e850	0.9887005649717514	0.8254716981132075
caecc06d-a6f1-41d8-9425-6d613fc6e850	0.9887005649717514	0.8254716981132075
caecc06d-a6f1-41d8-9425-6d613fc6e850	0.9887005649717514	0.8254716981132075
caecc06d-a6f1-41d8-9425-6d613fc6e850	0.9887005649717514	0.8254716981132075
caecc06d-a6f1-41d8-9425-6d613fc6e850	0.9887005649717514	0.8254716981132075
caecc06d-a6f1-41d8-9425-6d613fc6e850	0.9887005649717514	0.8254716981132075
caecc06d-a6f1-41d8-9425-6d613fc6e850	0.9887005649717514	0.8254716981132075
caecc06d-a6f1-41d8-9425-6d613fc6e850	0.9887005649717514	0.8254716981132075
caecc06d-a6f1-41d8-9425-6d613fc6e850	0.9887005649717514	0.8254716981132075
caecc06d-a6f1-41d8-9425-6d613fc6e850	0.9887005649717514	0.8254716981132075
caecc06d-a6f1-41d8-9425-6d613fc6e850	0.9887005649717514	0.8254716981132075
caecc06d-a6f1-41d8-9425-6d613fc6e850	0.9887005649717514	0.8254716981132075
caecc06d-a6f1-41d8-9425-6d613fc6e850	0.9887005649717514	0.8254716981132075
caecc06d-a6f1-41d8-9425-6d613fc6e850	0.9887005649717514	0.8254716981132075
caecc06d-a6f1-41d8-9425-6d613fc6e850	0.9887005649717514	0.8254716981132075
caecc06d-a6f1-41d8-9425-6d613fc6e850	0.9887005649717514	0.8254716981132075
caecc06d-a6f1-41d8-9425-6d613fc6e850	0.9887005649717514	0.8254716981132075
caecc06d-a6f1-41d8-9425-6d613fc6e850	0.9887005649717514	0.8254716981132075
caecc06d-a6f1-41d8-9425-6d613fc6e850	0.9887005649717514	0.8254716981132075
caecc06d-a6f1-41d8-9425-6d613fc6e850	0.9887005649717514	0.8254716981132075
caecc06d-a6f1-41d8-9425-6d613fc6e850	1	0.5252225519287834
caecc06d-a6f1-41d8-9425-6d613fc6e850	1	0.7866666666666666
caecc06d-a6f1-41d8-9425-6d613fc6e850	1	0.7866666666666666
caecc06d-a6f1-41d8-9425-6d613fc6e850	1	0.7866666666666666
caecc06d-a6f1-41d8-9425-6d613fc6e850	1	0.7866666666666666
caecc06d-a6f1-41d8-9425-6d613fc6e850	1	0.7866666666666666
caecc06d-a6f1-41d8-9425-6d613fc6e850	1	0.7866666666666666
caecc06d-a6f1-41d8-9425-6d613fc6e850	1	0.7866666666666666
caecc06d-a6f1-41d8-9425-6d613fc6e850	1	0.7866666666666666
caecc06d-a6f1-41d8-9425-6d613fc6e850	1	0.7866666666666666
caecc06d-a6f1-41d8-9425-6d613fc6e850	1	0.7866666666666666
caecc06d-a6f1-41d8-9425-6d613fc6e850	1	0.7866666666666666
caecc06d-a6f1-41d8-9425-6d613fc6e850	1	0.7866666666666666
caecc06d-a6f1-41d8-9425-6d613fc6e850	1	0.7866666666666666
caecc06d-a6f1-41d8-9425-6d613fc6e850	1	0.7866666666666666
caecc06d-a6f1-41d8-9425-6d613fc6e850	1	0.7866666666666666
caecc06d-a6f1-41d8-9425-6d613fc6e850	1	0.7866666666666666
caecc06d-a6f1-41d8-9425-6d613fc6e850	1	0.7866666666666666
caecc06d-a6f1-41d8-9425-6d613fc6e850	1	0.7866666666666666
caecc06d-a6f1-41d8-9425-6d613fc6e850	1	0.7866666666666666
caecc06d-a6f1-41d8-9425-6d613fc6e850	1	0.7866666666666666
caecc06d-a6f1-41d8-9425-6d613fc6e850	1	0.7866666666666666
caecc06d-a6f1-41d8-9425-6d613fc6e850	1	0.7866666666666666
caecc06d-a6f1-41d8-9425-6d613fc6e850	1	0.7866666666666666
caecc06d-a6f1-41d8-9425-6d613fc6e850	1	0.7866666666666666
caecc06d-a6f1-41d8-9425-6d613fc6e850	1	0.7866666666666666
caecc06d-a6f1-41d8-9425-6d613fc6e850	1	0.7866666666666666
caecc06d-a6f1-41d8-9425-6d613fc6e850	1	0.7866666666666666
caecc06d-a6f1-41d8-9425-6d613fc6e850	1	0.7866666666666666
caecc06d-a6f1-41d8-9425-6d613fc6e850	1	0.7866666666666666
caecc06d-a6f1-41d8-9425-6d613fc6e850	1	0.7866666666666666
caecc06d-a6f1-41d8-9425-6d613fc6e850	1	0.7866666666666666
caecc06d-a6f1-41d8-9425-6d613fc6e850	1	0.7866666666666666
caecc06d-a6f1-41d8-9425-6d613fc6e850	1	0.7866666666666666
caecc06d-a6f1-41d8-9425-6d613fc6e850	1	0.7866666666666666
caecc06d-a6f1-41d8-9425-6d613fc6e850	1	0.7866666666666666
caecc06d-a6f1-41d8-9425-6d613fc6e850	1	0.7866666666666666
caecc06d-a6f1-41d8-9425-6d613fc6e850	1	0.7866666666666666
caecc06d-a6f1-41d8-9425-6d613fc6e850	1	0.7866666666666666
caecc06d-a6f1-41d8-9425-6d613fc6e850	1	0.7866666666666666
caecc06d-a6f1-41d8-9425-6d613fc6e850	1	0.7866666666666666
caecc06d-a6f1-41d8-9425-6d613fc6e850	1	0.7866666666666666
caecc06d-a6f1-41d8-9425-6d613fc6e850	1	0.7866666666666666
caecc06d-a6f1-41d8-9425-6d613fc6e850	1	0.7866666666666666
caecc06d-a6f1-41d8-9425-6d613fc6e850	1	0.7866666666666666
caecc06d-a6f1-41d8-9425-6d613fc6e850	1	0.7866666666666666
caecc06d-a6f1-41d8-9425-6d613fc6e850	1	0.7866666666666666
caecc06d-a6f1-41d8-9425-6d613fc6e850	1	0.7866666666666666
caecc06d-a6f1-41d8-9425-6d613fc6e850	1	0.7866666666666666
caecc06d-a6f1-41d8-9425-6d613fc6e850	1	0.7866666666666666
caecc06d-a6f1-41d8-9425-6d613fc6e850	1	0.7866666666666666
caecc06d-a6f1-41d8-9425-6d613fc6e850	1	0.7866666666666666
caecc06d-a6f1-41d8-9425-6d613fc6e850	1	0.7866666666666666
caecc06d-a6f1-41d8-9425-6d613fc6e850	1	0.7866666666666666
caecc06d-a6f1-41d8-9425-6d613fc6e850	1	0.7866666666666666
caecc06d-a6f1-41d8-9425-6d613fc6e850	1	0.7866666666666666
caecc06d-a6f1-41d8-9425-6d613fc6e850	1	0.7866666666666666
caecc06d-a6f1-41d8-9425-6d613fc6e850	1	0.7866666666666666
caecc06d-a6f1-41d8-9425-6d613fc6e850	1	0.7866666666666666
caecc06d-a6f1-41d8-9425-6d613fc6e850	1	0.7866666666666666
caecc06d-a6f1-41d8-9425-6d613fc6e850	1	0.7866666666666666
caecc06d-a6f1-41d8-9425-6d613fc6e850	1	0.7866666666666666
caecc06d-a6f1-41d8-9425-6d613fc6e850	1	0.7866666666666666
caecc06d-a6f1-41d8-9425-6d613fc6e850	1	0.7866666666666666
caecc06d-a6f1-41d8-9425-6d613fc6e850	1	0.7866666666666666
caecc06d-a6f1-41d8-9425-6d613fc6e850	1	0.7866666666666666
caecc06d-a6f1-41d8-9425-6d613fc6e850	1	0.7866666666666666
caecc06d-a6f1-41d8-9425-6d613fc6e850	1	0.7866666666666666
caecc06d-a6f1-41d8-9425-6d613fc6e850	1	0.7866666666666666
caecc06d-a6f1-41d8-9425-6d613fc6e850	1	0.7866666666666666
caecc06d-a6f1-41d8-9425-6d613fc6e850	1	0.7866666666666666
caecc06d-a6f1-41d8-9425-6d613fc6e850	1	0.7866666666666666
caecc06d-a6f1-41d8-9425-6d613fc6e850	1	0.7866666666666666
caecc06d-a6f1-41d8-9425-6d613fc6e850	1	0.7866666666666666
caecc06d-a6f1-41d8-9425-6d613fc6e850	1	0.7866666666666666
caecc06d-a6f1-41d8-9425-6d613fc6e850	1	0.7866666666666666
caecc06d-a6f1-41d8-9425-6d613fc6e850	1	0.7866666666666666
caecc06d-a6f1-41d8-9425-6d613fc6e850	1	0.7866666666666666
caecc06d-a6f1-41d8-9425-6d613fc6e850	1	0.7866666666666666
caecc06d-a6f1-41d8-9425-6d613fc6e850	1	0.7866666666666666
caecc06d-a6f1-41d8-9425-6d613fc6e850	1	0.7866666666666666
caecc06d-a6f1-41d8-9425-6d613fc6e850	1	0.7866666666666666
caecc06d-a6f1-41d8-9425-6d613fc6e850	1	0.7866666666666666
caecc06d-a6f1-41d8-9425-6d613fc6e850	1	0.7866666666666666
caecc06d-a6f1-41d8-9425-6d613fc6e850	1	0.7866666666666666
caecc06d-a6f1-41d8-9425-6d613fc6e850	1	0.7866666666666666
caecc06d-a6f1-41d8-9425-6d613fc6e850	1	0.7866666666666666
caecc06d-a6f1-41d8-9425-6d613fc6e850	1	0.7866666666666666
caecc06d-a6f1-41d8-9425-6d613fc6e850	1	0.7866666666666666
caecc06d-a6f1-41d8-9425-6d613fc6e850	1	0.7866666666666666
caecc06d-a6f1-41d8-9425-6d613fc6e850	1	0.7866666666666666
caecc06d-a6f1-41d8-9425-6d613fc6e850	1	0.7866666666666666
caecc06d-a6f1-41d8-9425-6d613fc6e850	1	0.7866666666666666
caecc06d-a6f1-41d8-9425-6d613fc6e850	1	0.7866666666666666
caecc06d-a6f1-41d8-9425-6d613fc6e850	1	0.7866666666666666
caecc06d-a6f1-41d8-9425-6d613fc6e850	1	0.7866666666666666
caecc06d-a6f1-41d8-9425-6d613fc6e850	1	0.7866666666666666
caecc06d-a6f1-41d8-9425-6d613fc6e850	1	0.7866666666666666
caecc06d-a6f1-41d8-9425-6d613fc6e850	1	0.7866666666666666
caecc06d-a6f1-41d8-9425-6d613fc6e850	1	0.7866666666666666
caecc06d-a6f1-41d8-9425-6d613fc6e850	1	0.7866666666666666
caecc06d-a6f1-41d8-9425-6d613fc6e850	1	0.7866666666666666
caecc06d-a6f1-41d8-9425-6d613fc6e850	1	0.7866666666666666
caecc06d-a6f1-41d8-9425-6d613fc6e850	1	0.7866666666666666
caecc06d-a6f1-41d8-9425-6d613fc6e850	1	0.7866666666666666
caecc06d-a6f1-41d8-9425-6d613fc6e850	1	0.7866666666666666
caecc06d-a6f1-41d8-9425-6d613fc6e850	1	0.7866666666666666
caecc06d-a6f1-41d8-9425-6d613fc6e850	1	0.7866666666666666
caecc06d-a6f1-41d8-9425-6d613fc6e850	1	0.7866666666666666
caecc06d-a6f1-41d8-9425-6d613fc6e850	1	0.7866666666666666
caecc06d-a6f1-41d8-9425-6d613fc6e850	1	0.7866666666666666
caecc06d-a6f1-41d8-9425-6d613fc6e850	1	0.7866666666666666
caecc06d-a6f1-41d8-9425-6d613fc6e850	1	0.7866666666666666
caecc06d-a6f1-41d8-9425-6d613fc6e850	1	0.7866666666666666
caecc06d-a6f1-41d8-9425-6d613fc6e850	1	0.7866666666666666
caecc06d-a6f1-41d8-9425-6d613fc6e850	1	0.7866666666666666
caecc06d-a6f1-41d8-9425-6d613fc6e850	1	0.7866666666666666
caecc06d-a6f1-41d8-9425-6d613fc6e850	1	0.7866666666666666
caecc06d-a6f1-41d8-9425-6d613fc6e850	1	0.7866666666666666
caecc06d-a6f1-41d8-9425-6d613fc6e850	1	0.7866666666666666
caecc06d-a6f1-41d8-9425-6d613fc6e850	1	0.7866666666666666
caecc06d-a6f1-41d8-9425-6d613fc6e850	1	0.7866666666666666
caecc06d-a6f1-41d8-9425-6d613fc6e850	1	0.7866666666666666
caecc06d-a6f1-41d8-9425-6d613fc6e850	1	0.7866666666666666
caecc06d-a6f1-41d8-9425-6d613fc6e850	1	0.7866666666666666
caecc06d-a6f1-41d8-9425-6d613fc6e850	1	0.7866666666666666