SaleID,PropertyID,ClientID,AgentID,SaleDate,SalePrice
1,891,291,70,2/27/2025,581152
2,886,1354,93,7/12/2024,801724
3,372,702,43,1/8/2024,828974
4,505,1269,19,12/6/2024,1380483
5,130,280,63,1/6/2025,159459
6,100,1464,65,11/19/2024,317237
7,243,534,73,12/21/2023,583787
8,781,1192,65,10/12/2023,1313729
9,321,1471,15,3/9/2025,898491
10,923,25,88,2/9/2024,323419
11,853,1073,20,12/17/2024,1044642
12,765,1341,61,7/19/2024,1131585
13,828,1100,63,1/10/2024,118202
14,535,1195,58,9/29/2023,1491227
15,849,173,22,11/27/2023,1013444
16,246,563,97,9/6/2024,847959
17,687,428,15,7/14/2023,527859
18,699,360,14,7/2/2024,257182
19,623,1365,56,5/15/2023,1133436
20,523,1426,82,3/2/2025,594507
21,704,1494,72,12/10/2024,739817
22,914,347,43,2/29/2024,1342567
23,867,1227,100,4/25/2024,1040448
24,701,49,21,9/19/2024,1192610
25,765,124,41,5/21/2023,728481
26,353,843,88,5/11/2024,1198142
27,250,772,91,11/11/2023,1083451
28,424,1057,43,1/22/2024,607208
29,373,328,35,8/19/2023,1402027
30,966,429,17,5/16/2023,119427
31,516,396,89,4/26/2024,237000
32,457,1227,91,7/2/2024,571721
33,502,1163,17,8/16/2023,667736
34,559,98,7,3/11/2024,110159
35,547,1107,90,8/27/2023,1451818
36,567,80,10,4/8/2024,1251878
37,820,38,95,12/30/2023,640095
38,477,467,90,2/7/2024,1463203
39,464,884,64,3/7/2024,1485130
40,17,186,6,11/21/2023,101099
41,889,879,69,3/4/2025,1236679
42,688,498,70,12/22/2023,361043
43,915,36,22,1/6/2024,109109
44,255,1082,21,1/29/2025,1433398
45,650,753,25,1/25/2024,116974
46,517,959,26,4/16/2025,667478
47,875,98,65,9/2/2023,885206
48,414,880,95,11/11/2023,811440
49,101,951,71,12/27/2024,991194
50,552,532,55,3/14/2025,519615
51,209,342,80,2/16/2025,451933
52,531,276,85,2/11/2024,618593
53,536,120,34,6/17/2024,990367
54,472,466,62,11/24/2024,1409523
55,664,315,29,8/9/2024,617520
56,611,1149,85,8/19/2023,597127
57,85,861,14,6/11/2023,1240663
58,244,1298,28,11/6/2023,1140760
59,613,426,78,7/4/2024,1312667
60,562,153,39,8/11/2024,366718
61,368,241,28,6/7/2023,364190
62,632,1019,64,9/20/2023,669313
63,386,267,84,4/18/2025,647156
64,500,411,9,8/18/2024,582430
65,344,435,15,12/6/2024,1310322
66,908,850,92,2/10/2025,1311114
67,65,1229,9,12/1/2024,513818
68,739,720,56,3/20/2024,369958
69,455,579,63,9/17/2023,370175
70,884,437,70,12/10/2024,814011
71,845,507,4,12/10/2024,1449532
72,159,957,10,2/25/2024,1481554
73,800,893,9,12/13/2024,391262
74,565,830,5,4/26/2024,1112661
75,726,568,28,12/14/2023,369550
76,715,777,68,2/1/2025,1049072
77,360,441,86,8/2/2023,584090
78,265,17,37,4/29/2024,799758
79,594,1034,46,12/10/2024,580473
80,343,939,33,6/20/2024,1201063
81,105,90,64,10/25/2023,746354
82,702,1423,79,5/6/2024,1386243
83,174,1150,39,2/22/2024,280625
84,48,671,82,8/12/2024,1278234
85,233,1098,77,12/10/2024,512109
86,737,316,10,9/30/2023,902464
87,11,207,35,11/20/2023,1303732
88,504,167,81,2/11/2025,634628
89,377,1348,62,8/3/2024,261297
90,315,339,44,2/4/2025,1413064
91,884,21,97,2/28/2024,303954
92,599,1353,82,11/8/2023,212720
93,235,966,62,12/27/2024,1412552
94,371,59,39,12/4/2024,183870
95,230,1252,1,3/29/2024,717899
96,721,676,79,5/3/2025,498814
97,548,1450,45,9/17/2024,146549
98,641,955,43,2/6/2024,132102
99,510,828,58,7/10/2024,143651
100,883,937,21,8/7/2023,937922
101,438,405,78,7/1/2024,977989
102,173,385,66,8/2/2023,451729
103,85,1400,41,11/12/2023,790057
104,2,412,8,5/18/2023,159152
105,819,1402,28,10/25/2024,688495
106,569,1388,3,5/24/2023,174522
107,508,1441,96,6/30/2023,684968
108,510,1424,82,3/27/2024,187615
109,765,1282,34,3/5/2024,689533
110,922,607,47,1/21/2025,1443774
111,232,705,60,9/10/2024,510582
112,133,358,29,1/20/2024,462104
113,153,758,80,9/13/2024,1231338
114,302,1375,99,6/26/2023,1025159
115,571,1031,79,4/8/2024,677220
116,714,783,90,11/27/2023,605918
117,10,42,31,10/8/2024,1062027
118,914,631,83,1/13/2025,826220
119,640,1117,33,1/15/2025,691151
120,571,714,78,10/25/2024,842041
121,602,1479,95,3/9/2025,814431
122,312,1162,19,4/26/2024,882945
123,977,751,56,11/7/2023,1230390
124,337,419,87,1/2/2024,461157
125,723,1139,92,7/26/2024,622978
126,59,167,73,9/25/2023,562218
127,694,47,84,12/1/2023,1214920
128,470,1153,56,9/12/2023,856622
129,665,883,76,3/6/2024,419358
130,777,289,47,9/27/2024,1277462
131,23,669,98,11/16/2024,840626
132,689,229,91,9/29/2024,84868
133,201,1154,54,8/28/2023,818701
134,679,1013,2,10/3/2024,1082960
135,765,530,64,3/17/2025,794116
136,301,256,35,9/7/2023,1372730
137,827,1307,96,6/15/2024,1296006
138,949,1179,39,2/13/2025,856135
139,709,695,73,2/16/2025,1247096
140,638,16,65,8/4/2023,889976
141,903,724,77,8/8/2023,877179
142,391,1085,34,1/30/2025,799700
143,465,1472,68,6/17/2024,769339
144,498,1034,4,12/5/2023,521087
145,542,961,23,8/4/2024,1082550
146,405,1262,71,11/11/2024,143134
147,940,1492,43,9/29/2023,150305
148,513,751,67,7/27/2023,900744
149,786,1032,25,7/6/2023,281307
150,647,705,10,9/9/2023,125967
151,902,960,38,4/30/2025,215447
152,903,908,36,11/14/2023,887462
153,728,744,49,6/11/2024,1087957
154,466,659,27,1/20/2024,199333
155,235,272,11,10/7/2024,190654
156,333,938,98,4/14/2024,622112
157,979,1091,20,4/28/2024,1365666
158,346,911,38,7/24/2024,1038845
159,950,748,1,9/13/2024,91161
160,88,675,9,7/7/2024,615847
161,555,1391,19,3/12/2024,613444
162,578,1410,64,1/15/2025,1189672
163,538,73,49,8/22/2023,760104
164,99,523,6,11/10/2023,1408526
165,122,430,60,12/21/2024,689942
166,19,274,76,8/25/2024,659861
167,518,1484,78,10/11/2024,1391659
168,704,1069,32,8/30/2024,309495
169,237,670,89,4/6/2024,598792
170,704,718,7,8/23/2023,461191
171,606,1316,18,5/23/2023,513954
172,771,43,42,6/3/2023,1005430
173,326,354,83,10/2/2023,1056533
174,712,562,58,3/17/2024,1137780
175,96,1079,96,5/31/2024,201794
176,313,571,29,12/31/2023,1493626
177,647,421,74,9/5/2024,245123
178,445,496,80,7/16/2023,344429
179,79,90,97,4/30/2025,651610
180,292,872,50,10/23/2023,690549
181,424,151,60,7/23/2024,1466232
182,67,1126,65,9/27/2024,430038
183,586,1075,88,6/30/2023,1307731
184,636,525,46,9/21/2024,115676
185,201,180,100,6/7/2024,233726
186,36,693,84,1/3/2025,521944
187,370,634,5,10/18/2024,92662
188,799,345,63,8/22/2023,1337745
189,825,1243,99,1/27/2024,159917
190,431,800,66,2/11/2024,929758
191,873,958,65,3/11/2024,1298380
192,765,1192,1,2/7/2024,1182931
193,893,1232,81,12/23/2023,1234755
194,237,1189,60,11/19/2024,106396
195,391,700,13,6/16/2024,277183
196,584,957,23,4/16/2024,1278296
197,295,586,63,2/4/2024,1347083
198,617,282,68,8/1/2023,1138197
199,808,283,31,7/31/2024,232355
200,542,893,99,1/22/2024,1411039
201,737,1304,68,4/23/2025,1182818
202,923,885,61,1/30/2025,220511
203,329,1039,48,3/3/2024,1061543
204,944,50,93,8/31/2024,206656
205,808,565,32,10/17/2023,912858
206,171,422,93,1/14/2025,1061851
207,436,48,46,1/18/2024,883796
208,733,1102,82,1/21/2024,687850
209,658,177,51,7/24/2023,173183
210,947,507,34,9/7/2024,896272
211,567,153,13,1/30/2024,918656
212,811,963,83,3/25/2024,1383551
213,541,1362,42,4/4/2025,438082
214,996,1401,40,12/1/2023,510499
215,577,669,36,1/20/2024,183991
216,771,112,51,2/2/2025,378967
217,207,1280,94,3/7/2025,1152567
218,977,1378,53,9/22/2023,780374
219,726,1201,100,9/1/2024,487619
220,823,296,46,12/19/2023,662311
221,333,1205,2,4/19/2024,533354
222,254,741,89,6/11/2024,1268679
223,215,1136,57,12/25/2024,916445
224,562,979,3,6/5/2023,1297880
225,995,737,40,8/30/2024,1052339
226,613,454,4,1/16/2024,1010166
227,281,912,90,5/9/2025,1276441
228,212,1397,78,12/28/2023,1484043
229,373,1139,43,10/24/2023,1275973
230,37,751,18,10/4/2024,1398114
231,624,144,32,11/24/2023,570118
232,729,1102,63,5/14/2024,655607
233,295,641,13,6/14/2024,974742
234,410,356,31,5/21/2024,174726
235,279,269,12,9/22/2024,1110720
236,315,732,95,9/13/2024,1301594
237,328,933,38,11/29/2023,365146
238,159,950,13,1/16/2025,1349142
239,941,1345,31,4/2/2024,1307695
240,697,83,61,4/7/2024,167204
241,197,1260,11,11/12/2023,630969
242,646,1247,37,3/12/2025,977129
243,942,412,39,5/3/2025,472451
244,550,897,17,11/26/2024,929259
245,770,1199,6,12/20/2023,1149376
246,89,695,33,1/30/2025,645070
247,461,486,58,2/6/2025,816481
248,354,1069,60,8/6/2024,234171
249,526,1496,93,1/2/2024,1305705
250,9,1349,30,5/10/2024,150418
251,748,24,98,12/30/2024,1448702
252,766,1206,35,11/26/2023,997074
253,961,769,91,12/7/2024,161847
254,148,1407,100,4/20/2024,251781
255,197,510,63,8/4/2023,360333
256,886,973,76,1/15/2024,1069574
257,896,824,79,1/27/2024,725263
258,367,1070,18,2/25/2024,1269764
259,276,264,14,11/1/2023,569476
260,301,325,86,11/17/2023,727390
261,249,705,24,10/1/2024,1423658
262,938,1172,15,5/26/2024,1407786
263,77,99,23,3/30/2024,1125527
264,469,212,83,4/11/2025,918713
265,380,944,67,11/16/2024,851654
266,307,981,31,5/26/2023,716178
267,831,1413,37,3/19/2025,693747
268,761,1464,26,7/23/2024,1378282
269,452,1266,68,9/23/2023,306311
270,138,1327,21,6/21/2023,1402073
271,176,347,21,4/28/2024,1238545
272,399,1458,63,7/15/2023,1440930
273,778,139,55,11/22/2024,294099
274,637,830,40,1/30/2024,754592
275,924,137,61,1/15/2025,1030563
276,131,1429,90,9/5/2024,460563
277,217,583,50,11/3/2023,764661
278,613,343,41,11/20/2023,1169102
279,270,452,77,10/17/2024,227913
280,42,1211,36,7/12/2024,465899
281,31,872,3,2/8/2024,566286
282,812,1396,32,2/2/2024,876076
283,568,494,26,4/22/2024,924735
284,458,1462,69,5/17/2024,1314339
285,704,798,77,11/23/2023,829534
286,566,385,99,2/3/2025,139775
287,394,303,53,6/19/2024,235694
288,904,1163,51,6/4/2023,647229
289,417,1428,56,1/7/2024,290216
290,67,1404,29,6/9/2024,1178519
291,285,1154,78,12/30/2024,468637
292,256,152,73,3/5/2024,786908
293,373,889,40,4/18/2024,277477
294,626,153,6,11/11/2024,271777
295,819,479,22,3/29/2024,1499784
296,272,943,100,5/7/2025,564476
297,264,3,61,11/27/2024,314623
298,515,1323,85,7/16/2023,1141438
299,171,1030,93,6/11/2023,1112238
300,810,1252,34,7/29/2023,1093611
301,550,1452,32,3/13/2024,527402
302,731,879,80,12/25/2024,1440003
303,249,1092,38,8/23/2024,179835
304,417,1495,4,5/1/2025,888063
305,918,426,38,11/3/2023,153298
306,447,1461,82,1/19/2024,1224030
307,321,1043,100,10/19/2024,1172962
308,488,301,94,7/9/2024,1303171
309,40,486,39,9/23/2023,323431
310,865,23,38,8/12/2024,515963
311,431,795,30,1/6/2025,982550
312,491,154,92,12/29/2024,810756
313,289,168,88,11/8/2024,1112362
314,200,3,14,12/7/2023,1171819
315,69,1453,2,11/26/2024,1362762
316,272,1022,3,10/12/2023,1155447
317,234,297,67,4/16/2024,1432868
318,194,565,20,1/9/2025,1315469
319,982,1283,40,11/8/2024,1239848
320,683,657,45,9/7/2023,1469815
321,28,862,6,10/4/2024,309661
322,510,871,14,11/25/2023,195375
323,850,558,73,1/28/2024,1401591
324,508,1081,95,4/27/2025,330718
325,339,144,84,5/27/2024,1336569
326,273,739,45,5/23/2024,244540
327,540,1316,37,5/7/2025,862707
328,51,1434,67,11/10/2024,1444532
329,177,464,6,2/12/2025,366359
330,994,544,3,2/18/2024,622576
331,305,863,97,10/15/2023,1337025
332,714,969,60,9/6/2023,154507
333,233,1005,21,10/6/2024,1268437
334,389,1260,76,11/7/2023,1109522
335,122,8,31,11/17/2024,1251465
336,221,680,9,10/17/2023,1232011
337,186,1263,21,10/16/2024,965768
338,306,1036,48,2/12/2025,888918
339,44,1044,67,12/17/2024,1203779
340,991,500,51,9/30/2023,668462
341,391,1045,71,4/2/2024,323192
342,764,1439,96,12/12/2024,617338
343,763,699,94,6/25/2023,568721
344,490,564,30,2/15/2025,72755
345,856,788,20,4/5/2025,1134531
346,247,772,20,4/7/2025,989076
347,123,375,22,9/10/2024,1209325
348,686,103,67,1/18/2024,1388020
349,543,63,19,10/13/2024,1107551
350,577,1160,68,2/8/2025,97031
351,8,1321,17,8/7/2024,497609
352,448,1002,26,9/4/2023,1289498
353,719,468,32,8/1/2024,264417
354,190,155,25,11/13/2023,578632
355,222,832,64,8/27/2023,264300
356,376,865,27,4/12/2024,1115021
357,65,1388,66,10/22/2024,568313
358,277,112,47,9/9/2023,681024
359,170,607,63,3/29/2025,273295
360,563,1132,45,12/22/2024,1355307
361,54,1487,13,9/2/2024,993400
362,644,1245,35,12/4/2023,461953
363,209,924,3,3/18/2024,1183440
364,979,1391,13,9/9/2023,98162
365,355,651,71,1/16/2024,895193
366,362,942,71,4/23/2025,90394
367,435,97,84,1/12/2024,1272396
368,746,1035,36,11/2/2024,312762
369,400,1346,9,12/30/2023,157987
370,838,804,98,3/26/2025,770970
371,538,1351,20,12/10/2023,562294
372,708,725,52,11/15/2023,978739
373,584,1418,91,2/4/2024,1027974
374,338,911,54,11/4/2023,491041
375,7,1430,72,7/18/2024,490895
376,890,588,73,2/23/2025,587352
377,580,274,6,4/26/2024,822273
378,128,665,24,8/28/2024,300888
379,284,893,65,8/18/2024,945420
380,523,641,11,8/12/2024,740838
381,968,1420,34,4/1/2025,421176
382,139,271,9,2/11/2025,137470
383,297,611,39,8/10/2024,608830
384,30,701,83,5/16/2024,331347
385,979,250,24,10/28/2023,456206
386,798,56,31,7/28/2023,1323358
387,147,697,48,7/12/2024,553371
388,181,267,48,2/9/2024,1085680
389,578,655,14,9/14/2023,192122
390,479,304,26,6/21/2023,1312670
391,905,1416,8,6/30/2023,1296318
392,541,632,58,10/4/2023,229265
393,633,551,15,7/29/2023,1078592
394,383,1071,13,7/29/2024,407427
395,275,234,93,6/6/2023,985679
396,712,1191,51,1/10/2025,1244265
397,262,1105,70,3/29/2024,1416211
398,928,688,10,1/11/2025,1261262
399,610,1161,91,12/30/2023,498389
400,599,1385,36,8/19/2023,1162973
401,771,9,86,3/14/2025,1470352
402,90,560,36,10/17/2023,1393403
403,487,149,40,9/10/2023,921224
404,876,529,75,7/11/2024,1484912
405,964,1116,15,9/21/2024,185185
406,3,340,87,9/19/2024,501891
407,313,590,79,7/23/2024,103275
408,892,1030,19,7/7/2024,1010425
409,663,1267,1,6/18/2024,787634
410,877,1265,36,7/23/2023,739690
411,462,1467,17,5/17/2023,441975
412,98,902,33,3/2/2025,868872
413,689,709,54,11/27/2023,174017
414,856,441,47,3/15/2024,936423
415,266,736,100,9/30/2024,1343316
416,482,863,56,1/7/2025,939356
417,34,327,89,3/13/2024,1346412
418,281,1063,55,5/22/2024,869937
419,769,814,26,7/21/2024,763521
420,978,1487,13,8/16/2023,237217
421,5,310,37,8/19/2023,839417
422,797,47,49,6/10/2024,352692
423,554,1452,35,3/16/2024,951731
424,427,658,9,2/1/2025,653516
425,789,1178,39,7/25/2024,300446
426,15,450,5,12/30/2024,816143
427,5,298,48,12/30/2024,197395
428,747,1135,84,7/26/2024,211061
429,178,585,25,9/9/2023,423606
430,161,1157,40,1/8/2025,405383
431,104,1046,29,7/23/2023,499511
432,629,432,25,3/13/2024,1215262
433,223,954,69,12/2/2024,630419
434,260,418,14,11/9/2023,794203
435,192,455,46,5/21/2024,860882
436,173,1310,28,1/16/2025,402210
437,706,252,37,2/15/2024,704634
438,804,611,14,2/17/2025,1491840
439,986,289,27,9/15/2024,239541
440,6,153,87,1/28/2024,661178
441,707,823,9,5/25/2024,837095
442,285,857,36,1/10/2025,1332415
443,939,348,26,10/25/2024,1087066
444,743,1244,70,5/31/2024,660025
445,666,212,99,5/6/2024,432569
446,730,530,13,1/20/2025,324477
447,779,836,67,10/25/2023,318611
448,777,829,44,5/13/2024,121962
449,569,713,16,4/21/2024,488751
450,694,957,36,9/10/2023,445987
451,205,706,5,12/20/2023,928246
452,567,539,78,1/15/2025,1259202
453,901,1142,71,12/5/2024,934681
454,796,48,22,5/9/2024,1322794
455,98,1429,24,6/4/2023,711964
456,403,1378,25,10/30/2024,1381612
457,658,607,88,5/17/2023,212657
458,587,979,60,4/12/2025,575646
459,155,21,62,5/10/2025,846190
460,163,1462,100,5/15/2024,744273
461,477,313,72,8/31/2023,354816
462,612,1298,46,4/11/2024,66879
463,147,1326,1,1/30/2024,101191
464,563,536,62,2/24/2025,149955
465,699,584,95,4/16/2025,961163
466,617,1371,20,6/1/2024,1117261
467,734,858,18,2/17/2024,487126
468,424,743,66,1/11/2024,1302482
469,342,1212,57,1/25/2025,1140436
470,57,990,2,1/24/2024,416211
471,342,315,80,5/9/2025,881097
472,259,612,68,6/19/2023,203472
473,370,97,19,11/28/2023,1017678
474,507,520,62,3/28/2025,790196
475,127,635,80,7/6/2023,497055
476,820,1372,26,10/31/2024,380142
477,664,809,17,7/19/2023,591889
478,988,1375,75,7/2/2024,60046
479,988,1116,14,11/10/2023,984025
480,78,329,39,7/29/2023,612530
481,390,1417,52,8/3/2024,268403
482,616,1105,81,12/24/2023,214660
483,640,455,92,4/4/2024,1128459
484,497,673,91,4/26/2025,1175538
485,576,277,41,11/1/2024,139256
486,307,941,25,6/4/2024,1333537
487,781,468,74,9/13/2023,789997
488,565,15,31,1/24/2025,182438
489,581,1114,10,6/28/2024,509343
490,264,1038,42,11/1/2023,1347274
491,322,1290,19,9/10/2024,552616
492,854,798,2,8/15/2023,401173
493,808,1211,18,6/2/2023,509688
494,8,526,56,7/4/2023,883786
495,297,1189,3,3/27/2024,373476
496,235,1384,83,1/16/2024,1314994
497,736,776,52,7/6/2023,1250429
498,841,1217,87,4/8/2025,829129
499,970,738,98,6/19/2023,748798
500,529,177,17,5/5/2024,706185
501,398,50,62,5/29/2024,213941
502,558,1317,21,11/1/2023,1295733
503,271,76,30,12/14/2023,1080287
504,316,1223,61,12/21/2024,359353
505,61,105,2,3/28/2025,223175
506,378,1399,79,2/2/2025,1307028
507,30,1172,98,2/8/2024,1402054
508,979,986,66,7/11/2024,1006614
509,879,1298,46,12/29/2024,535810
510,40,13,59,5/25/2024,786288
511,925,647,87,9/13/2023,791927
512,646,100,37,7/13/2023,97441
513,516,391,57,3/21/2024,428556
514,294,999,5,9/17/2023,63767
515,412,1005,38,10/13/2024,953719
516,88,187,85,1/21/2025,755254
517,214,358,40,2/26/2025,1167514
518,771,1141,35,11/1/2024,923677
519,619,1161,44,4/17/2025,701756
520,188,142,1,5/20/2024,818990
521,550,1233,90,12/24/2024,940509
522,808,893,77,2/10/2024,206413
523,588,40,43,1/7/2024,407200
524,958,907,91,8/30/2024,458725
525,218,740,98,6/1/2024,330129
526,184,604,94,3/19/2025,170195
527,406,347,40,3/27/2024,310923
528,471,625,40,5/18/2024,369910
529,157,446,16,8/7/2024,1298931
530,227,30,43,1/6/2024,78852
531,88,222,91,6/4/2024,1212294
532,12,1255,50,10/14/2023,1400834
533,789,1189,67,4/10/2025,519266
534,863,22,94,2/1/2024,324395
535,445,1294,61,4/7/2025,1343181
536,134,541,9,1/5/2024,216945
537,518,107,84,3/12/2024,98311
538,17,187,99,7/10/2024,125171
539,700,799,66,3/23/2025,116250
540,490,57,48,12/20/2023,245774
541,5,1283,64,1/7/2025,388021
542,90,313,9,3/15/2024,952173
543,94,1355,37,9/3/2023,759194
544,350,747,14,11/28/2023,602617
545,543,686,25,2/11/2024,708019
546,29,686,98,7/20/2024,485042
547,871,569,56,8/4/2024,136148
548,147,840,31,3/1/2024,427784
549,540,1324,43,6/7/2024,810458
550,543,177,4,10/14/2023,239882
551,676,520,60,12/6/2024,73013
552,962,466,21,4/8/2024,253510
553,629,543,59,5/12/2023,927025
554,879,1072,73,10/7/2023,1438277
555,389,798,97,7/3/2023,834161
556,760,1378,55,4/24/2025,391630
557,239,287,26,11/11/2023,321912
558,351,974,45,5/20/2024,626560
559,384,960,77,3/19/2025,1358767
560,641,381,30,12/23/2024,1484854
561,531,1451,23,11/18/2024,637595
562,34,845,27,10/24/2023,580418
563,145,1193,91,9/28/2024,1420546
564,649,287,20,4/29/2024,766659
565,657,493,10,4/1/2025,811717
566,680,927,5,3/1/2024,589942
567,837,690,12,10/2/2024,1002172
568,926,570,52,10/8/2024,754754
569,954,395,82,1/14/2024,476811
570,884,394,74,5/2/2024,410538
571,189,834,35,1/5/2024,105528
572,17,144,60,5/29/2024,471220
573,593,786,93,6/13/2024,799624
574,662,277,79,12/14/2023,1266604
575,690,374,34,1/30/2024,923792
576,463,928,17,12/5/2024,713171
577,764,953,28,12/14/2023,71483
578,786,503,93,7/14/2024,961716
579,428,932,40,11/7/2023,1090469
580,375,82,6,5/4/2025,674690
581,434,603,16,7/17/2023,1055229
582,530,714,31,6/29/2023,226338
583,785,1389,65,10/31/2023,260826
584,910,499,63,4/24/2025,306953
585,510,58,42,10/18/2023,297289
586,507,55,28,9/5/2024,1011789
587,507,1143,36,1/18/2025,661462
588,360,783,71,7/1/2023,629799
589,99,205,93,8/10/2023,1062918
590,445,759,61,5/1/2024,418572
591,44,510,13,6/24/2023,220629
592,583,11,79,3/17/2025,132709
593,629,883,38,10/11/2023,441832
594,945,590,86,12/23/2023,1051482
595,585,668,79,9/28/2023,403046
596,836,365,57,6/21/2024,973619
597,522,889,88,12/19/2024,1323300
598,545,92,97,6/25/2024,1038326
599,64,854,38,12/25/2023,307270
600,587,1184,71,3/3/2024,737269
601,177,241,47,8/28/2023,524384
602,234,1487,69,1/23/2024,1258576
603,884,1296,77,3/13/2024,103613
604,24,973,98,5/11/2024,880577
605,254,739,11,4/7/2024,234027
606,717,1102,30,10/3/2023,975110
607,82,527,54,5/31/2024,697445
608,246,832,53,3/24/2025,727566
609,451,754,23,8/29/2023,471169
610,177,933,29,1/17/2024,616222
611,145,1422,44,5/28/2024,446308
612,561,310,12,12/17/2024,1136725
613,550,126,49,6/12/2023,1212997
614,803,950,96,5/7/2024,480877
615,462,125,62,11/21/2024,387706
616,16,314,36,4/17/2025,223156
617,245,463,69,1/29/2024,69386
618,742,640,43,3/25/2024,1488731
619,374,466,17,12/18/2023,1317454
620,469,262,51,4/16/2025,276262
621,892,65,22,8/30/2023,485105
622,677,739,44,3/23/2025,75172
623,413,1130,63,6/19/2024,642144
624,250,857,17,12/2/2023,672513
625,20,868,48,10/10/2023,478856
626,758,207,54,11/13/2024,594476
627,109,1151,33,11/3/2023,1426887
628,790,1259,8,1/9/2025,1199938
629,572,1273,88,2/8/2024,770174
630,115,755,49,2/26/2024,1007288
631,930,1290,58,3/31/2025,1366160
632,198,900,78,5/9/2025,1288606
633,161,1109,18,5/11/2025,1483610
634,138,1145,37,1/20/2024,576544
635,851,894,54,8/30/2024,354965
636,754,1399,16,8/2/2023,1042626
637,154,773,37,2/21/2024,217467
638,794,801,6,9/9/2024,775922
639,274,965,61,6/17/2023,1056876
640,824,1002,18,10/18/2024,120728
641,336,1153,4,1/6/2025,1491053
642,230,316,12,8/12/2023,179420
643,661,1486,1,12/24/2023,1129173
644,73,536,85,2/20/2025,1075718
645,954,180,17,11/9/2023,287126
646,883,609,10,2/25/2024,883180
647,283,1350,85,12/16/2024,1366826
648,601,1092,30,5/14/2024,653956
649,820,486,80,9/19/2023,1194025
650,580,429,77,1/19/2024,184019
651,460,890,48,9/22/2024,688051
652,721,381,61,5/18/2024,944536
653,578,1298,98,8/11/2024,505380
654,406,446,25,5/10/2024,1321741
655,706,35,50,7/13/2023,1299703
656,77,527,70,9/9/2023,722705
657,818,1321,11,5/4/2024,915210
658,966,1108,34,6/30/2024,633236
659,960,15,79,11/12/2024,1481823
660,434,916,27,7/22/2024,195387
661,637,256,36,3/15/2025,327316
662,697,987,28,3/16/2024,648153
663,795,188,72,2/10/2024,407485
664,516,647,25,11/28/2023,284359
665,435,92,31,1/15/2025,1258964
666,961,1019,29,9/3/2023,634332
667,854,681,96,6/7/2023,1022906
668,458,238,31,2/6/2025,122006
669,342,843,74,10/9/2024,536236
670,567,786,8,1/14/2024,407247
671,465,1125,81,11/7/2024,577507
672,911,883,3,1/6/2024,362121
673,425,1231,91,7/22/2024,1256915
674,522,143,81,12/24/2024,1047089
675,416,611,39,10/1/2024,652386
676,580,216,76,3/26/2025,838337
677,988,213,60,10/2/2024,1216966
678,316,976,40,12/12/2023,1190281
679,19,1329,11,8/5/2023,470199
680,785,1085,92,3/30/2024,1239279
681,202,1171,6,3/23/2024,1333709
682,488,996,56,10/17/2023,1045002
683,526,841,99,12/10/2023,99787
684,249,197,96,12/19/2024,591685
685,603,393,96,7/21/2024,63370
686,797,143,27,3/25/2024,1280386
687,392,1312,56,7/30/2023,140522
688,94,250,35,11/9/2023,1380967
689,968,103,79,7/7/2024,1459871
690,253,1283,66,10/26/2024,267515
691,355,100,86,2/22/2025,855406
692,773,422,16,1/24/2024,701749
693,566,937,72,3/6/2024,762243
694,284,526,89,10/19/2023,728064
695,86,1021,63,7/16/2024,234276
696,934,1209,94,7/3/2024,1182855
697,688,985,67,9/13/2023,960216
698,321,1322,41,5/23/2024,1329966
699,995,466,98,2/2/2025,97280
700,15,319,38,6/2/2023,1158204
701,918,228,22,1/1/2025,245172
702,721,1154,11,12/25/2023,625656
703,208,717,5,10/16/2024,1354451
704,768,1272,21,5/25/2024,287622
705,403,1018,39,7/1/2023,600774
706,77,1157,52,12/3/2024,1003186
707,811,286,14,6/5/2024,141888
708,150,208,16,5/31/2023,1364844
709,278,477,37,2/20/2024,659288
710,66,698,5,6/18/2024,347188
711,87,864,31,1/31/2024,653450
712,608,1153,93,10/12/2023,1224210
713,88,878,78,3/10/2024,579922
714,959,990,61,6/12/2023,299024
715,76,509,42,5/18/2023,853115
716,97,391,58,12/24/2023,353578
717,604,640,27,12/9/2024,1053000
718,195,928,66,5/26/2024,1299494
719,178,277,95,5/25/2024,839614
720,86,797,77,1/12/2024,1268662
721,329,440,84,7/18/2024,970032
722,655,309,19,1/6/2025,1074427
723,859,524,39,1/31/2025,264709
724,71,1189,23,3/17/2025,1408192
725,187,695,51,1/5/2024,1340081
726,903,1480,44,3/20/2024,450096
727,399,29,47,10/23/2024,62614
728,504,356,84,4/1/2025,1048386
729,719,126,58,12/25/2024,773130
730,627,653,12,2/10/2025,441438
731,469,512,26,11/6/2023,785366
732,662,782,39,5/17/2023,1499157
733,178,711,10,3/8/2024,1072659
734,488,627,30,4/5/2024,1323314
735,495,753,1,12/3/2024,679932
736,906,1019,10,4/18/2025,375904
737,658,212,13,3/23/2024,690985
738,811,149,69,10/27/2024,1400716
739,851,158,10,4/2/2025,791545
740,256,124,57,3/3/2025,795699
741,915,1324,8,1/5/2024,1484522
742,592,1047,13,7/5/2024,894563
743,5,438,73,10/5/2023,1403348
744,936,302,80,8/17/2023,560543
745,305,1465,35,12/30/2024,651842
746,96,322,96,9/30/2023,125044
747,352,1377,2,11/18/2023,358650
748,694,1178,47,3/21/2024,595863
749,915,1488,100,6/14/2023,497129
750,261,476,71,11/11/2024,291589
751,518,90,13,5/31/2024,1177560
752,833,689,51,2/12/2024,530694
753,165,1251,68,12/27/2024,520365
754,288,1033,57,5/21/2023,689510
755,393,683,6,7/28/2024,294748
756,150,582,60,9/22/2023,62445
757,129,515,33,5/29/2024,1354749
758,856,1482,95,11/15/2023,158243
759,40,32,55,12/4/2024,406555
760,944,779,41,1/19/2024,671629
761,702,281,22,8/19/2023,1307741
762,576,699,74,12/18/2024,956399
763,393,625,29,6/22/2023,873332
764,802,28,62,5/14/2023,834857
765,339,162,98,10/7/2023,136810
766,99,587,69,10/22/2024,610329
767,830,884,12,1/14/2025,1083943
768,312,892,15,4/21/2025,1084875
769,794,395,1,11/4/2023,1493213
770,205,160,70,5/1/2025,1170558
771,381,1244,91,11/8/2023,1150188
772,860,769,80,8/26/2024,144439
773,489,1478,46,12/18/2024,997685
774,959,463,27,8/15/2024,808408
775,748,28,5,10/12/2024,419108
776,501,361,16,6/11/2023,631417
777,167,683,41,8/12/2024,509813
778,194,398,42,4/13/2024,482116
779,867,463,37,11/22/2024,290389
780,455,1434,63,1/10/2025,291968
781,104,271,27,8/11/2023,800354
782,891,1067,59,9/16/2024,1143628
783,573,875,55,4/9/2024,219979
784,573,422,58,9/29/2023,582502
785,780,1429,12,10/15/2023,238909
786,305,755,87,9/4/2023,762845
787,794,1350,46,5/2/2024,1307928
788,762,1007,35,12/10/2023,1478014
789,511,830,74,8/19/2023,987710
790,808,170,57,7/16/2024,1240398
791,685,882,51,3/16/2024,862000
792,803,1379,7,7/1/2024,564691
793,251,994,51,12/20/2024,231098
794,105,1010,67,3/31/2024,154559
795,348,745,86,5/20/2024,1124965
796,852,1041,18,3/4/2024,1386100
797,89,464,29,3/27/2024,269931
798,772,814,95,5/25/2023,969065
799,297,1463,76,2/5/2025,384787
800,913,663,43,4/11/2025,1121192
801,668,315,31,5/15/2024,1115754
802,516,984,79,2/26/2024,667375
803,865,487,89,9/28/2024,63665
804,802,1018,3,12/4/2024,178080
805,345,1476,37,2/13/2024,1048335
806,715,642,54,4/22/2024,767411
807,424,645,9,12/3/2023,853111
808,94,456,68,6/12/2023,591693
809,766,1247,30,6/19/2023,1241944
810,406,1132,9,6/2/2023,174523
811,28,907,78,6/7/2024,1127638
812,399,875,36,6/20/2024,1372166
813,894,146,74,6/30/2023,374201
814,345,505,4,6/6/2023,332641
815,731,622,63,8/9/2023,1204212
816,59,159,38,6/10/2023,822353
817,244,391,99,12/30/2024,616034
818,967,784,75,7/18/2023,720996
819,792,156,53,8/31/2024,197267
820,294,1330,42,12/12/2024,298170
821,425,1119,94,9/10/2024,1280820
822,161,133,30,3/4/2024,1323579
823,725,644,23,7/13/2023,72064
824,730,198,80,12/27/2023,199181
825,720,714,28,3/9/2025,290598
826,552,1217,26,12/23/2024,588457
827,783,895,14,4/27/2025,1462028
828,987,1305,61,11/13/2023,526351
829,991,973,46,9/21/2023,1345230
830,229,986,74,11/4/2023,755802
831,186,813,53,8/1/2023,655126
832,429,514,36,7/21/2023,192507
833,517,1416,72,7/25/2023,95068
834,633,407,69,2/8/2024,647932
835,576,141,64,12/10/2024,735012
836,622,92,94,2/8/2025,64393
837,925,17,17,7/6/2023,835259
838,109,345,21,12/7/2024,1019408
839,993,1059,90,4/6/2024,599950
840,813,177,97,1/8/2024,422537
841,862,934,36,1/5/2025,960275
842,932,545,31,7/12/2024,472834
843,722,456,11,6/4/2024,1450469
844,247,541,23,4/12/2024,83581
845,856,752,38,9/9/2023,830232
846,1,478,6,7/30/2023,1197736
847,223,1113,81,9/29/2023,1263848
848,436,59,10,2/14/2025,1059918
849,678,1055,7,11/23/2024,1459491
850,929,1037,51,10/17/2023,198128
851,549,703,5,8/8/2023,448790
852,270,574,33,8/22/2023,1055644
853,596,1433,75,2/25/2025,1228682
854,691,850,52,5/18/2023,1357978
855,23,913,43,4/8/2025,607587
856,906,152,74,7/16/2023,568115
857,349,733,28,2/6/2025,1275458
858,691,363,51,9/29/2023,373258
859,282,1416,88,4/13/2024,384316
860,116,432,77,9/5/2024,1035243
861,155,109,23,3/31/2024,979609
862,369,890,50,6/2/2023,211045
863,906,1051,49,7/19/2024,1225279
864,432,490,7,4/17/2024,1137765
865,665,965,78,4/17/2025,1186240
866,166,1421,42,8/17/2023,918589
867,525,355,18,8/28/2023,700560
868,404,1255,28,9/23/2023,943422
869,150,1056,1,9/24/2023,997770
870,655,1371,67,5/2/2024,351086
871,92,1378,8,5/1/2024,1472934
872,624,812,94,12/3/2023,371627
873,413,148,34,9/27/2023,861532
874,875,507,28,6/5/2023,1079066
875,449,728,73,9/4/2023,1189926
876,996,339,70,4/14/2024,1434593
877,152,1376,85,5/26/2024,211589
878,96,463,24,5/18/2023,1238832
879,251,655,79,11/3/2023,693613
880,625,308,65,3/13/2025,1347795
881,934,428,32,3/13/2024,542064
882,416,340,38,3/31/2025,683296
883,455,1210,64,5/8/2024,1159242
884,882,1483,47,4/30/2025,618984
885,569,317,18,8/17/2024,669247
886,495,241,81,4/24/2024,866655
887,580,1159,81,10/21/2024,355821
888,559,1372,96,6/29/2024,921703
889,606,946,70,6/7/2023,66502
890,690,1450,28,7/16/2024,154440
891,29,1292,61,7/3/2024,1458942
892,993,7,24,8/1/2024,162691
893,607,59,43,10/9/2023,486688
894,353,1062,93,11/11/2024,575571
895,36,592,23,2/11/2025,964616
896,9,106,26,1/4/2024,1199680
897,265,1233,91,4/10/2024,1222559
898,718,1440,53,1/26/2025,821078
899,938,1448,96,6/17/2024,272384
900,1,88,62,12/14/2023,1144644
901,612,1140,23,8/4/2024,255825
902,302,15,66,7/31/2023,852931
903,206,310,26,7/14/2024,218341
904,599,734,27,10/17/2023,1371058
905,900,632,79,10/20/2023,141922
906,998,756,32,7/18/2023,271554
907,441,315,84,3/18/2024,892793
908,84,775,78,1/16/2024,1368744
909,790,1075,64,12/28/2023,476580
910,501,1317,65,9/25/2023,590420
911,398,968,78,7/29/2024,138950
912,928,522,1,9/6/2024,216019
913,848,1044,82,3/16/2024,1288859
914,330,1167,50,10/30/2023,1075109
915,618,757,66,7/8/2023,408119
916,609,1397,53,2/4/2024,364195
917,816,112,23,11/11/2024,1195586
918,589,300,87,11/12/2024,618171
919,245,679,21,12/1/2023,719395
920,628,1341,7,11/25/2023,724835
921,253,1112,47,2/6/2025,464627
922,100,1396,56,3/9/2024,552128
923,253,1150,42,1/12/2025,900905
924,96,282,74,11/19/2024,990488
925,691,315,52,9/20/2023,1281222
926,404,236,44,2/25/2025,719758
927,835,1141,91,12/18/2023,283546
928,978,501,68,6/24/2024,1442089
929,719,83,39,1/16/2025,715794
930,678,383,50,4/29/2025,442474
931,424,1026,84,10/21/2024,1174346
932,930,894,17,10/5/2023,635361
933,178,956,6,7/19/2024,163575
934,978,1432,9,5/22/2023,939296
935,293,1239,21,11/8/2023,738389
936,651,823,53,6/22/2023,1022297
937,869,1264,82,8/25/2024,629475
938,19,1062,40,10/13/2024,998779
939,392,477,97,2/6/2024,191757
940,597,825,17,4/20/2024,85841
941,915,1026,43,12/13/2024,621589
942,543,1130,99,8/10/2024,694535
943,388,960,75,1/10/2024,1495270
944,48,1220,24,6/27/2023,1016947
945,992,721,34,5/19/2024,338098
946,952,255,85,5/14/2024,605955
947,238,491,8,5/27/2023,773994
948,122,154,78,3/22/2025,721803
949,209,1090,11,3/27/2025,982614
950,83,1203,88,10/8/2023,1390500
951,791,1329,67,8/6/2023,634910
952,759,90,50,11/29/2023,1252264
953,77,1341,58,3/29/2024,1166650
954,378,1430,91,5/15/2023,1184379
955,783,235,71,8/17/2024,743057
956,15,83,47,8/27/2024,887691
957,94,1189,36,9/27/2024,637767
958,519,1427,34,10/3/2024,475704
959,803,1331,16,12/19/2023,1485372
960,966,362,42,6/4/2023,450609
961,292,84,10,7/19/2023,1358822
962,262,509,37,2/2/2025,246848
963,471,536,33,5/11/2025,665153
964,80,298,74,6/27/2024,209829
965,813,1380,51,7/15/2023,1468475
966,864,72,75,9/3/2023,1137965
967,606,406,37,11/17/2023,136846
968,271,361,4,2/9/2025,1328841
969,726,1073,22,3/28/2025,790650
970,65,128,36,1/18/2025,136699
971,816,73,87,11/8/2023,108311
972,83,1448,58,11/13/2023,1137473
973,201,979,10,10/16/2024,324454
974,349,1057,62,2/7/2025,1460479
975,586,1164,87,11/19/2023,1320636
976,927,385,17,3/15/2024,1034205
977,437,1321,34,9/21/2023,1378475
978,65,797,55,4/22/2024,903405
979,399,433,71,8/29/2024,554695
980,872,60,26,4/21/2024,1240398
981,377,53,25,5/3/2024,1127329
982,233,927,23,9/10/2024,314647
983,945,4,92,9/25/2023,1068479
984,184,13,68,9/30/2024,1203286
985,354,23,69,4/26/2025,517476
986,494,615,67,12/15/2023,136047
987,872,1034,63,12/10/2023,822164
988,548,926,1,10/26/2023,1044935
989,456,1474,91,1/25/2024,769681
990,719,1340,98,6/25/2023,1289625
991,426,822,80,3/14/2025,275172
992,130,1185,31,9/14/2023,1423673
993,351,1112,65,1/11/2025,861559
994,813,1336,62,11/26/2023,958288
995,229,164,91,8/3/2024,562800
996,321,1445,71,6/2/2023,1296054
997,466,639,91,1/13/2024,883050
998,827,1089,16,5/1/2024,119757
999,861,145,100,8/25/2024,1413646
1000,669,1207,96,12/9/2024,1495015
1001,169,912,41,10/15/2024,307479
1002,346,1092,21,5/3/2025,1340286
1003,512,1489,11,1/29/2024,221056
1004,35,403,50,7/2/2023,852456
1005,225,1179,3,6/25/2023,691093
1006,531,1234,45,6/13/2024,1020194
1007,742,1089,100,8/1/2024,705075
1008,683,732,36,9/28/2023,530371
1009,481,1312,19,4/30/2024,895907
1010,360,546,1,9/10/2024,873666
1011,933,1184,46,6/13/2023,699497
1012,206,309,81,12/17/2023,101111
1013,940,71,93,5/19/2023,993104
1014,243,1425,56,1/6/2025,1090571
1015,648,97,13,1/23/2024,562625
1016,527,448,85,4/18/2025,1015331
1017,446,1034,9,4/27/2024,1231168
1018,512,906,30,12/3/2023,647643
1019,73,1493,42,7/5/2024,709706
1020,825,60,72,12/3/2024,435689
1021,873,164,28,12/30/2024,948993
1022,246,1376,69,4/7/2025,1321642
1023,227,197,68,10/6/2023,814129
1024,497,947,92,5/31/2024,1240997
1025,386,677,83,11/1/2023,639355
1026,373,144,83,8/30/2023,171763
1027,151,797,74,6/15/2023,514939
1028,721,1034,90,8/31/2023,795406
1029,349,966,37,1/8/2024,1212065
1030,917,1175,93,10/13/2023,384937
1031,941,968,58,1/31/2025,910280
1032,201,1306,78,1/22/2024,544350
1033,504,1159,1,12/23/2023,1156260
1034,654,272,7,12/13/2024,735418
1035,248,1333,70,9/8/2024,661780
1036,392,812,77,1/18/2024,1448726
1037,459,1272,2,8/15/2024,172459
1038,543,551,1,6/25/2023,396967
1039,670,586,89,10/4/2024,75534
1040,850,573,97,4/23/2024,131571
1041,972,63,60,3/29/2025,651058
1042,711,1006,87,3/5/2025,409872
1043,821,293,19,4/8/2025,1279599
1044,371,606,71,10/15/2024,144401
1045,289,172,58,4/16/2024,659838
1046,306,679,41,10/10/2023,662119
1047,29,453,47,10/1/2024,1350479
1048,490,1433,5,7/10/2023,82859
1049,931,838,79,11/13/2023,991607
1050,525,1229,73,12/20/2024,949060
1051,715,877,7,1/9/2025,233143
1052,773,253,92,7/4/2023,1059429
1053,949,104,24,11/23/2024,91016
1054,284,257,59,4/1/2024,1314550
1055,423,712,88,4/12/2024,1494401
1056,799,1242,2,7/3/2023,622586
1057,992,1461,28,11/24/2024,739474
1058,889,813,75,7/30/2024,119864
1059,157,74,65,7/26/2024,1262603
1060,159,899,91,7/21/2023,627162
1061,585,960,99,2/26/2025,551308
1062,716,1235,31,5/27/2024,954044
1063,734,293,29,10/25/2024,1324140
1064,954,610,86,4/11/2024,1279470
1065,285,909,34,11/7/2023,688427
1066,658,1267,71,5/15/2024,1203508
1067,499,215,8,6/12/2023,1435345
1068,717,1352,49,10/23/2023,1140920
1069,183,1469,52,1/10/2024,986360
1070,160,1265,9,11/24/2024,1465015
1071,79,1311,27,3/17/2025,1182036
1072,517,427,95,2/7/2025,457388
1073,650,717,97,12/20/2023,342126
1074,362,230,14,9/23/2024,199982
1075,314,794,73,4/13/2025,890183
1076,866,1302,34,7/7/2023,1448465
1077,41,626,48,3/27/2025,1436356
1078,929,324,86,9/23/2024,1476922
1079,533,331,60,10/15/2023,1227738
1080,246,1455,65,8/14/2023,417649
1081,394,1181,98,5/28/2024,977602
1082,66,471,58,7/18/2023,123690
1083,856,584,49,6/14/2023,1109698
1084,658,996,14,2/8/2025,364792
1085,964,1018,8,12/22/2023,446667
1086,970,1239,48,5/19/2024,817505
1087,747,1442,8,1/7/2024,1036219
1088,348,316,82,12/31/2024,164162
1089,942,396,29,11/2/2023,209193
1090,854,295,55,8/29/2023,190985
1091,237,578,63,4/12/2024,226671
1092,805,1478,83,1/30/2024,1319603
1093,321,60,5,7/26/2023,721064
1094,951,503,7,9/8/2024,392123
1095,485,1061,54,5/4/2025,1122719
1096,548,894,53,9/5/2024,750322
1097,390,148,48,10/30/2024,699495
1098,598,236,38,5/16/2024,658609
1099,590,1182,27,1/25/2025,1102110
1100,104,1138,39,3/16/2024,1328492
1101,566,633,89,8/13/2024,161784
1102,857,1456,98,1/6/2024,735539
1103,234,1246,23,5/8/2024,531038
1104,348,1471,23,5/28/2024,830743
1105,476,179,12,9/13/2024,276250
1106,163,176,53,10/28/2024,1181375
1107,38,835,21,12/4/2024,1092320
1108,973,1487,13,4/10/2024,131530
1109,289,208,43,8/21/2023,303367
1110,60,1451,54,10/14/2024,1370690
1111,654,699,56,2/17/2024,1043909
1112,426,912,82,10/19/2024,1371947
1113,719,1197,47,4/24/2024,879730
1114,993,1429,62,8/30/2024,501423
1115,506,918,89,5/17/2023,1153720
1116,40,333,46,7/9/2023,994858
1117,950,328,14,2/27/2025,1034101
1118,692,1051,73,8/22/2024,1371150
1119,925,490,96,9/18/2024,1429713
1120,269,984,36,5/9/2025,82525
1121,329,922,6,12/26/2023,700761
1122,149,86,36,10/20/2024,959081
1123,521,785,96,11/4/2024,1321699
1124,277,1408,2,9/6/2023,1482975
1125,518,1347,20,8/5/2024,342855
1126,256,728,23,6/14/2023,198368
1127,54,222,41,7/14/2023,909050
1128,424,1013,52,4/7/2024,1445695
1129,170,978,94,5/30/2023,326402
1130,38,352,83,10/12/2024,296724
1131,512,128,59,6/9/2023,339407
1132,567,1252,52,5/1/2024,792863
1133,11,1381,47,2/29/2024,280908
1134,998,92,3,9/10/2024,527971
1135,396,445,28,9/17/2023,155393
1136,669,632,80,5/30/2023,801178
1137,93,796,46,5/20/2023,124108
1138,355,560,90,11/12/2023,669250
1139,47,624,24,8/21/2024,1344989
1140,868,731,44,5/15/2023,209147
1141,195,864,76,6/3/2023,1232466
1142,176,765,41,2/27/2024,1407485
1143,920,864,57,3/17/2024,828750
1144,460,177,33,2/16/2024,1329499
1145,289,668,15,1/13/2024,67841
1146,297,1468,48,6/28/2024,599002
1147,478,691,45,6/21/2024,1072503
1148,610,1368,72,2/18/2024,1358638
1149,834,1407,39,11/28/2023,673110
1150,752,804,63,9/14/2023,256543
1151,58,466,16,6/23/2023,577854
1152,189,1317,79,5/20/2023,292552
1153,413,1063,76,3/31/2025,1003199
1154,884,1346,37,10/6/2024,85707
1155,128,35,74,4/13/2025,840778
1156,478,885,54,3/4/2024,1350285
1157,722,310,73,10/11/2024,365636
1158,672,124,95,11/23/2023,1488200
1159,323,1006,57,8/16/2024,996434
1160,250,571,64,4/1/2024,1454976
1161,80,1269,87,5/4/2024,400101
1162,704,448,33,8/1/2024,74938
1163,396,582,54,7/18/2023,1323151
1164,840,580,6,3/12/2024,1276282
1165,745,671,85,1/1/2024,526298
1166,645,1137,12,11/13/2024,922567
1167,196,488,75,7/12/2023,182612
1168,882,75,25,12/17/2023,171928
1169,88,226,87,4/17/2025,680826
1170,211,894,3,10/22/2023,588966
1171,709,34,53,8/19/2023,443057
1172,592,996,73,8/13/2023,1367821
1173,12,1416,76,9/29/2024,1292545
1174,898,1265,63,10/9/2024,1262365
1175,462,1250,81,1/8/2025,1018495
1176,373,397,24,10/31/2023,372485
1177,112,587,2,10/1/2024,289974
1178,843,719,81,10/1/2024,1495213
1179,360,1497,62,6/28/2024,804149
1180,871,1391,2,10/10/2023,929504
1181,883,906,62,9/11/2023,466493
1182,158,151,8,1/19/2025,733438
1183,757,1270,15,10/14/2023,538517
1184,966,1371,87,4/1/2025,714619
1185,168,1332,52,5/29/2023,1468526
1186,41,623,24,11/30/2023,1349044
1187,744,1409,90,10/25/2023,582515
1188,730,1020,85,10/12/2023,1284792
1189,705,348,26,9/9/2024,1261854
1190,356,1436,49,3/14/2024,947218
1191,155,798,88,5/30/2024,1369142
1192,724,1294,17,4/7/2025,228294
1193,313,1417,85,11/24/2023,474714
1194,262,1418,83,9/4/2024,451260
1195,885,200,25,2/22/2025,896847
1196,288,120,20,1/6/2024,944721
1197,735,1048,73,4/30/2024,713242
1198,332,603,43,8/9/2023,597970
1199,999,1267,53,4/28/2025,1145339
1200,255,1471,35,10/6/2023,519630
1201,494,238,67,11/9/2024,748121
1202,343,930,91,8/31/2023,1328723
1203,54,1265,1,3/24/2024,103776
1204,584,417,6,3/9/2025,546919
1205,914,605,33,2/15/2025,586646
1206,742,557,25,4/18/2025,117631
1207,55,213,41,9/12/2023,181071
1208,800,985,55,11/4/2023,296836
1209,121,361,19,3/9/2025,388920
1210,760,224,31,4/8/2024,945752
1211,541,1398,76,2/7/2025,251793
1212,892,1483,50,10/30/2024,182153
1213,739,962,68,7/5/2023,677067
1214,640,1054,89,5/2/2024,549648
1215,801,903,13,4/4/2025,673477
1216,686,721,61,6/18/2024,885893
1217,214,891,30,1/12/2025,1097441
1218,36,1297,46,11/1/2024,1191395
1219,230,174,23,7/4/2024,1108893
1220,933,161,55,10/23/2024,294703
1221,702,323,81,2/15/2024,505332
1222,876,472,77,1/6/2024,430119
1223,483,973,2,9/7/2024,1431194
1224,969,834,68,8/13/2024,656892
1225,862,411,2,12/2/2024,1240266
1226,12,1274,84,4/17/2024,1080726
1227,737,1500,71,4/15/2024,1493605
1228,79,1070,91,12/24/2023,491450
1229,815,1314,23,6/10/2024,1088839
1230,832,301,88,3/2/2025,988107
1231,511,571,80,8/26/2024,176461
1232,955,736,55,11/9/2024,1167472
1233,73,487,12,6/11/2023,582855
1234,711,1155,14,6/22/2024,1392793
1235,108,85,6,8/19/2023,610396
1236,58,1443,67,10/7/2024,1499822
1237,776,117,17,9/24/2023,1243434
1238,514,1318,9,3/24/2024,799510
1239,914,1107,73,9/8/2024,100388
1240,784,1215,35,10/17/2024,568659
1241,542,1354,16,9/14/2024,473013
1242,864,532,9,10/1/2024,416310
1243,177,1232,86,2/1/2024,634127
1244,166,677,70,10/16/2023,770873
1245,817,1319,51,3/29/2025,948942
1246,878,205,46,8/21/2023,763633
1247,546,582,3,3/10/2025,1059942
1248,797,237,25,2/8/2025,508462
1249,978,4,7,1/28/2024,73102
1250,822,881,75,8/26/2023,983637
1251,246,1401,69,8/25/2023,191080
1252,785,1493,72,11/30/2024,1079062
1253,384,433,33,6/28/2023,944214
1254,376,715,11,9/6/2023,666290
1255,870,1394,10,3/14/2024,479927
1256,762,367,75,11/3/2024,360963
1257,186,730,8,2/10/2025,628840
1258,708,1486,57,5/16/2023,200664
1259,319,1226,86,2/19/2025,998464
1260,129,1185,24,3/30/2025,438554
1261,742,795,26,5/21/2024,245825
1262,208,1020,76,3/2/2024,523418
1263,989,792,92,6/1/2024,1398150
1264,433,1066,53,12/30/2024,1102101
1265,854,580,9,1/8/2025,1371661
1266,811,1322,24,11/22/2023,776075
1267,120,1004,46,3/20/2024,829167
1268,592,984,55,10/9/2023,508290
1269,689,616,70,4/14/2024,780811
1270,646,617,27,5/13/2023,373463
1271,96,1257,52,4/21/2025,1001450
1272,86,62,15,12/10/2024,464649
1273,398,648,100,4/7/2024,526306
1274,868,1332,4,8/25/2024,287499
1275,569,540,72,3/28/2025,844592
1276,109,1299,37,12/22/2023,423496
1277,957,366,67,4/13/2024,408117
1278,830,1182,57,6/13/2023,1310516
1279,620,1049,80,2/21/2025,87507
1280,878,1303,44,8/28/2023,361377
1281,110,668,20,9/2/2023,144162
1282,908,237,66,10/14/2023,897735
1283,563,948,73,12/26/2024,1497272
1284,293,116,62,10/18/2023,1263934
1285,869,1280,67,11/22/2024,719544
1286,593,1240,23,4/15/2025,1306890
1287,192,901,67,4/28/2024,874986
1288,97,195,30,9/27/2024,201739
1289,86,1348,93,3/4/2024,224874
1290,465,154,69,6/25/2023,1265743
1291,639,468,57,11/29/2023,447336
1292,675,1463,16,6/20/2024,963364
1293,25,998,50,2/22/2025,1329241
1294,592,789,34,3/6/2024,1102121
1295,812,1163,46,11/15/2024,774682
1296,464,917,69,11/18/2023,370653
1297,949,1227,10,9/8/2024,1463782
1298,990,1305,2,4/19/2024,380585
1299,748,783,89,5/27/2024,360832
1300,328,938,28,12/2/2023,514222
1301,365,1423,13,5/26/2023,923956
1302,760,1241,64,9/6/2023,1046562
1303,617,1158,61,2/21/2024,1383338
1304,552,1040,5,9/2/2024,1450455
1305,102,1442,56,5/28/2024,241626
1306,645,1112,56,5/19/2024,1456375
1307,494,1223,88,10/10/2023,1070672
1308,859,1196,30,11/12/2024,860685
1309,292,649,27,11/13/2024,753372
1310,550,1168,41,12/2/2024,646373
1311,833,949,17,4/22/2025,848989
1312,986,1083,31,3/16/2024,797033
1313,499,1079,70,11/20/2023,1186681
1314,238,174,43,10/2/2024,686887
1315,426,571,9,10/13/2024,664873
1316,741,1347,1,7/23/2023,1391863
1317,900,1486,30,7/18/2024,691726
1318,95,196,53,7/10/2024,1271402
1319,998,452,42,3/24/2024,497618
1320,315,69,1,9/16/2023,222282
1321,703,301,80,7/16/2024,1048684
1322,28,965,11,5/3/2024,449767
1323,991,1049,54,1/14/2025,487108
1324,908,191,98,6/28/2024,220485
1325,629,211,82,10/30/2023,424269
1326,293,1422,35,12/22/2024,620081
1327,646,661,30,4/22/2024,883614
1328,997,751,85,3/14/2024,1420937
1329,818,666,45,8/31/2023,115713
1330,408,1082,78,11/30/2024,564878
1331,798,805,16,6/8/2023,112739
1332,787,781,41,1/1/2025,929782
1333,978,185,43,12/8/2024,1356504
1334,257,736,26,7/6/2024,865668
1335,647,213,21,4/30/2025,1049241
1336,437,328,74,5/29/2024,408297
1337,752,341,10,5/18/2024,1005400
1338,839,30,41,12/31/2023,980589
1339,908,1082,55,8/11/2024,229516
1340,600,588,33,11/13/2024,1271543
1341,792,755,2,7/23/2023,1434720
1342,345,352,32,10/19/2023,943068
1343,920,1174,94,1/13/2025,443766
1344,151,597,22,2/1/2024,424901
1345,56,451,42,3/24/2025,1368510
1346,457,436,84,12/3/2024,1186762
1347,828,6,24,2/20/2024,467643
1348,886,408,100,9/5/2023,926383
1349,138,738,62,4/13/2024,501832
1350,323,42,55,5/4/2025,1230098
1351,304,297,25,12/8/2023,79340
1352,884,220,55,11/19/2023,61832
1353,648,1294,76,4/7/2025,786376
1354,195,214,95,1/26/2024,365531
1355,303,913,87,7/1/2023,1178186
1356,260,294,58,7/4/2023,598422
1357,411,1007,46,10/5/2024,1061340
1358,630,1139,54,8/14/2023,1487139
1359,959,5,74,12/2/2024,1057874
1360,645,822,8,12/14/2024,964717
1361,688,46,49,8/9/2023,402733
1362,820,453,30,5/26/2023,477667
1363,598,714,47,6/7/2023,355603
1364,303,1170,74,8/27/2023,1346976
1365,152,659,82,4/10/2024,1423287
1366,362,516,15,1/30/2025,1288299
1367,834,142,52,4/28/2024,1314315
1368,555,294,97,10/27/2024,1158100
1369,305,646,84,2/11/2024,452293
1370,382,1200,46,8/30/2024,467133
1371,953,123,66,2/18/2025,581584
1372,441,1091,64,4/28/2025,616633
1373,816,1328,37,12/23/2024,408745
1374,433,1217,17,2/24/2025,1104469
1375,93,410,49,4/29/2024,389681
1376,178,497,51,1/10/2024,476232
1377,334,1275,64,8/6/2024,688771
1378,820,283,30,1/4/2025,399699
1379,173,439,51,11/13/2024,993903
1380,654,1317,6,3/2/2025,308341
1381,846,1405,34,7/25/2024,1056160
1382,793,1115,65,3/9/2024,625556
1383,317,740,92,4/8/2025,1092992
1384,490,199,34,7/26/2024,510649
1385,382,23,60,11/14/2024,612931
1386,186,153,80,2/22/2025,280908
1387,923,671,24,12/16/2024,904262
1388,66,883,91,5/27/2024,207711
1389,865,1035,38,6/17/2023,842244
1390,699,551,100,11/18/2023,1030485
1391,19,1172,46,8/14/2023,1175909
1392,428,677,1,9/25/2024,478111
1393,12,232,38,11/8/2024,843229
1394,642,828,54,4/1/2024,1326766
1395,19,418,26,1/22/2024,1410091
1396,876,1154,96,4/30/2024,323629
1397,285,675,97,6/25/2023,239588
1398,756,1049,91,8/21/2024,409889
1399,231,1012,92,11/29/2024,1372546
1400,197,618,29,6/6/2024,308213
1401,797,831,91,6/5/2024,1127522
1402,767,195,72,7/26/2024,545556
1403,366,44,93,3/3/2024,848985
1404,913,869,74,12/11/2024,833597
1405,528,1001,11,11/28/2023,65529
1406,392,498,20,9/16/2023,738271
1407,994,904,52,4/8/2025,1121488
1408,714,934,20,5/14/2023,1481111
1409,351,313,94,9/19/2024,1079113
1410,471,398,53,2/1/2025,1081436
1411,261,1460,84,8/20/2023,224091
1412,546,552,97,6/11/2024,815559
1413,159,168,39,12/24/2023,715161
1414,976,743,53,2/4/2025,960638
1415,122,1046,42,12/15/2024,1197309
1416,535,1051,100,2/21/2024,150574
1417,244,535,55,10/17/2024,1434895
1418,577,598,84,12/21/2023,731726
1419,962,197,22,5/28/2023,1044653
1420,768,1409,54,10/3/2023,88294
1421,302,35,35,5/12/2024,375859
1422,131,814,94,11/8/2023,303486
1423,746,861,93,1/6/2025,339238
1424,951,518,41,8/11/2024,913219
1425,557,860,42,5/23/2024,1201086
1426,25,1292,40,5/30/2024,1283183
1427,314,150,78,1/12/2024,1353685
1428,584,1463,72,8/6/2024,96182
1429,780,945,77,11/11/2023,1035892
1430,2,1431,81,11/17/2024,127952
1431,725,1426,35,5/30/2023,575456
1432,245,534,26,12/28/2023,1230552
1433,773,958,100,5/4/2025,644914
1434,208,1198,8,1/20/2024,1440477
1435,251,704,85,7/11/2024,446653
1436,789,346,28,3/12/2025,753515
1437,602,436,19,1/8/2025,606606
1438,789,165,81,7/7/2023,1253257
1439,707,57,54,7/12/2024,240225
1440,759,3,45,7/16/2024,780198
1441,986,189,67,8/1/2023,1124389
1442,845,244,93,11/29/2023,630365
1443,738,827,23,7/20/2023,754908
1444,572,1353,8,9/27/2024,323696
1445,442,916,25,5/23/2023,504877
1446,148,372,67,12/7/2023,318063
1447,293,1462,64,3/9/2024,1269824
1448,963,1362,59,11/29/2024,1051861
1449,120,877,19,2/11/2025,1489450
1450,599,358,100,3/8/2025,1057350
1451,785,907,90,12/23/2024,132814
1452,724,590,75,7/19/2024,1202798
1453,59,1378,81,9/27/2024,949378
1454,272,963,84,2/6/2024,773503
1455,867,965,75,11/13/2023,1412526
1456,556,681,73,7/31/2024,899275
1457,883,624,59,6/3/2024,160974
1458,562,310,44,4/8/2024,1237078
1459,111,123,4,12/19/2023,415764
1460,738,923,17,5/27/2023,1103099
1461,139,378,6,1/18/2024,319522
1462,1,267,32,4/28/2024,365193
1463,579,984,55,7/1/2023,412441
1464,101,1088,54,8/27/2023,1079941
1465,164,331,32,12/27/2024,458898
1466,268,1392,53,5/18/2023,1017488
1467,362,1401,69,9/24/2024,599871
1468,283,108,4,3/10/2025,80262
1469,920,185,4,3/19/2024,217103
1470,698,62,55,5/2/2024,1344550
1471,513,1391,5,1/6/2025,1159949
1472,277,1076,76,6/18/2024,1338206
1473,503,689,87,9/27/2023,1248642
1474,16,1330,96,7/4/2023,108676
1475,835,526,42,8/16/2023,1246852
1476,385,599,40,4/8/2025,919240
1477,378,226,70,6/10/2024,653452
1478,325,1348,36,10/3/2023,1059236
1479,152,344,46,4/11/2025,1387847
1480,878,931,86,11/24/2023,947459
1481,175,772,63,8/5/2023,335237
1482,898,1008,46,5/4/2025,640162
1483,504,850,89,8/13/2024,127189
1484,678,1074,27,6/10/2023,457008
1485,533,767,77,1/7/2025,64326
1486,554,1463,36,6/10/2024,277399
1487,585,1006,80,10/27/2024,359077
1488,964,547,67,7/3/2024,425352
1489,31,1090,57,6/8/2023,1231144
1490,993,1086,21,5/6/2024,903695
1491,577,1465,96,2/25/2024,1473222
1492,50,459,73,8/22/2023,207969
1493,380,649,57,2/4/2024,781268
1494,754,458,30,12/31/2023,659601
1495,274,24,83,10/20/2023,271588
1496,937,284,28,4/19/2024,472920
1497,240,304,7,5/28/2023,138513
1498,505,1046,77,8/12/2024,1226656
1499,524,1428,4,6/21/2024,505804
1500,203,97,56,9/20/2023,115613
1501,522,1474,73,10/8/2024,369734
1502,448,94,72,9/8/2024,674651
1503,238,125,88,9/8/2024,602491
1504,193,13,14,3/29/2025,775735
1505,90,560,87,9/20/2024,1293335
1506,996,1428,20,6/6/2023,832590
1507,760,917,57,7/29/2023,1298056
1508,81,395,93,8/14/2023,678186
1509,166,1429,56,10/26/2024,709234
1510,272,377,37,5/11/2024,945262
1511,97,811,45,11/25/2024,211482
1512,682,1357,80,10/20/2024,271071
1513,512,378,55,3/7/2024,1181374
1514,905,300,35,8/9/2024,449095
1515,805,788,28,7/2/2023,1493272
1516,352,501,93,3/19/2024,184490
1517,116,612,86,3/1/2024,987068
1518,319,930,75,7/4/2024,930010
1519,866,514,60,6/26/2024,336643
1520,431,509,89,1/19/2025,674321
1521,49,195,59,11/23/2024,785327
1522,840,1210,55,9/9/2023,492797
1523,746,902,35,7/7/2023,461805
1524,443,941,74,7/5/2024,692456
1525,21,1232,60,11/29/2024,1227393
1526,792,841,94,7/13/2024,1113326
1527,421,714,11,11/27/2024,266797
1528,25,769,97,2/29/2024,324829
1529,775,837,18,12/27/2023,1132859
1530,227,1277,32,6/9/2023,554495
1531,418,956,82,7/10/2024,1332195
1532,951,209,40,12/20/2024,656177
1533,343,778,4,4/7/2025,303302
1534,233,133,73,7/14/2024,941436
1535,833,57,77,9/29/2023,593814
1536,879,206,31,4/10/2025,1043426
1537,812,141,91,3/5/2025,541888
1538,290,508,89,2/24/2025,534064
1539,362,402,28,8/27/2024,355247
1540,351,1245,82,3/9/2024,80238
1541,94,990,93,8/7/2023,1406546
1542,316,574,12,3/31/2025,288989
1543,896,1209,68,9/28/2024,719159
1544,858,675,6,7/2/2023,1309458
1545,490,436,28,1/15/2025,1304672
1546,732,387,67,11/2/2024,1111973
1547,931,1221,14,6/22/2023,1144843
1548,825,1163,27,5/7/2025,154814
1549,875,47,9,4/6/2025,1322322
1550,644,959,87,4/17/2025,1248369
1551,598,902,10,4/11/2024,342000
1552,510,790,54,3/12/2024,1194262
1553,21,949,14,2/25/2025,1451539
1554,57,661,44,1/17/2025,372846
1555,337,234,71,2/28/2024,312718
1556,228,364,38,2/15/2024,974697
1557,14,751,92,8/28/2024,109408
1558,61,802,31,11/18/2024,345976
1559,2,466,32,11/13/2024,845589
1560,19,547,79,8/4/2023,393514
1561,708,371,10,12/6/2024,463757
1562,563,915,90,1/23/2024,532380
1563,566,1310,34,12/5/2024,665565
1564,486,1288,14,11/14/2024,920966
1565,269,917,4,7/7/2024,1480133
1566,454,1178,31,7/16/2024,1217491
1567,954,74,53,4/24/2025,1415428
1568,338,1171,14,5/14/2024,1417230
1569,445,636,77,3/26/2024,157183
1570,410,322,44,6/23/2023,564249
1571,492,992,70,8/24/2023,1051227
1572,632,1210,52,9/2/2023,1040445
1573,861,1109,82,3/28/2025,423587
1574,115,770,38,4/15/2024,1281314
1575,999,843,91,9/19/2024,1426359
1576,119,1217,88,7/16/2023,611115
1577,410,438,100,5/31/2023,1299945
1578,68,1041,77,6/28/2024,799111
1579,273,170,31,10/31/2024,1322471
1580,602,151,94,6/20/2024,1325132
1581,522,804,96,5/16/2024,390245
1582,258,884,100,5/16/2023,135950
1583,4,1467,68,12/14/2024,132813
1584,595,404,14,3/9/2024,889510
1585,728,474,29,11/13/2023,391937
1586,880,1447,87,5/26/2023,1076893
1587,824,1134,45,4/12/2024,1333390
1588,869,314,3,1/9/2025,428996
1589,645,655,50,3/6/2025,582184
1590,310,243,22,5/29/2023,1424062
1591,701,942,40,7/15/2024,1481060
1592,620,778,19,12/28/2023,1468798
1593,629,1416,52,6/6/2024,1251528
1594,177,1254,6,12/15/2024,834934
1595,337,234,32,12/22/2024,501946
1596,21,384,17,5/24/2024,1092460
1597,651,710,66,12/13/2024,898438
1598,925,559,94,8/26/2023,522637
1599,892,50,29,7/8/2024,969323
1600,642,1444,74,3/18/2025,523994
1601,390,803,69,5/12/2023,1457403
1602,129,443,67,12/1/2023,702266
1603,392,1444,86,3/3/2025,305419
1604,527,1002,82,9/21/2024,719966
1605,333,188,87,11/5/2023,1244688
1606,471,102,9,1/16/2024,1271553
1607,154,327,72,6/3/2024,1061715
1608,547,630,10,7/26/2024,865024
1609,508,601,12,10/21/2023,143411
1610,183,552,83,2/8/2025,472771
1611,382,1270,33,12/21/2023,1368293
1612,571,283,27,9/29/2023,511982
1613,757,1270,60,2/18/2025,1320619
1614,156,571,58,12/3/2024,302926
1615,303,543,64,10/24/2023,269406
1616,954,1312,50,7/9/2023,396037
1617,878,1255,20,7/22/2024,1259035
1618,702,711,35,2/24/2024,358381
1619,958,916,87,7/4/2023,243550
1620,668,788,26,12/8/2023,1418612
1621,652,749,6,2/26/2024,1074004
1622,540,77,29,6/30/2024,357547
1623,848,344,51,12/13/2023,1131914
1624,804,1198,3,6/12/2023,1017486
1625,318,182,93,10/13/2024,1249340
1626,12,1034,90,2/6/2024,249938
1627,17,1322,29,5/20/2023,617261
1628,471,253,31,5/10/2024,1408244
1629,661,769,19,11/24/2023,652988
1630,242,1365,93,4/24/2024,1498484
1631,328,580,39,6/2/2024,1285507
1632,868,260,35,10/18/2023,117556
1633,703,1358,75,6/14/2024,440925
1634,48,1326,30,12/16/2023,1344827
1635,317,222,63,9/15/2024,1404805
1636,678,1263,66,1/27/2024,475700
1637,423,120,94,2/22/2025,869687
1638,819,499,5,11/23/2023,567699
1639,255,227,24,3/23/2025,936110
1640,954,960,21,6/9/2023,290230
1641,584,728,71,7/14/2024,240462
1642,692,507,10,12/7/2023,785678
1643,576,767,50,8/23/2023,631222
1644,843,1488,52,4/11/2025,531232
1645,411,69,37,3/26/2024,1203415
1646,742,1099,46,2/12/2024,586663
1647,334,952,95,12/16/2023,575341
1648,78,975,94,12/4/2023,779828
1649,151,552,97,11/21/2024,231310
1650,789,1481,20,10/10/2023,1340804
1651,704,1350,80,5/24/2023,1127768
1652,498,970,16,10/8/2023,209907
1653,943,889,97,6/14/2023,200043
1654,58,845,63,5/10/2024,1010540
1655,318,489,84,7/1/2024,399829
1656,731,776,7,7/3/2024,265254
1657,935,1249,90,7/6/2023,876324
1658,477,329,22,7/15/2024,1061992
1659,297,338,22,6/10/2024,1223008
1660,826,1359,35,2/14/2024,1110551
1661,914,1325,36,2/26/2025,514691
1662,823,990,65,6/3/2024,1283121
1663,175,576,9,1/19/2025,297442
1664,831,84,66,11/13/2024,1234608
1665,569,1425,66,8/22/2023,1106753
1666,63,1490,100,9/5/2024,525729
1667,926,1110,68,8/10/2023,701663
1668,712,455,17,1/19/2024,786679
1669,265,316,69,4/10/2025,368465
1670,375,947,68,7/29/2023,1411742
1671,524,107,96,2/13/2025,392811
1672,76,1014,85,3/2/2025,827147
1673,716,1354,24,11/5/2023,287584
1674,133,179,59,12/9/2023,520792
1675,454,1142,40,3/6/2024,514140
1676,231,486,78,7/29/2024,1044519
1677,338,1159,14,3/15/2025,1298789
1678,753,1110,39,4/25/2025,1180610
1679,91,1056,25,4/6/2024,1489943
1680,678,1206,62,4/24/2025,661492
1681,935,1074,42,8/20/2023,415677
1682,914,453,35,8/26/2023,607702
1683,301,511,61,8/24/2024,440581
1684,432,109,35,6/14/2024,1240982
1685,302,587,81,7/10/2024,1496673
1686,708,1426,81,10/27/2023,190868
1687,224,149,18,5/31/2023,579414
1688,571,678,27,2/13/2025,174338
1689,38,1181,94,4/21/2025,1356704
1690,392,349,90,4/21/2024,1091654
1691,494,762,81,8/31/2023,1271536
1692,803,252,64,4/22/2024,1432581
1693,801,738,21,10/28/2024,617075
1694,733,1366,34,8/10/2024,1417563
1695,637,933,78,2/12/2025,727723
1696,419,613,100,6/19/2024,158356
1697,374,408,54,8/28/2023,1040062
1698,735,756,59,2/10/2025,448531
1699,823,156,99,12/12/2024,916629
1700,879,447,22,10/5/2023,796301
1701,274,1167,11,2/13/2025,1010742
1702,374,1491,100,4/15/2024,1380450
1703,221,136,42,7/21/2024,1496334
1704,219,1382,16,3/23/2024,419297
1705,440,638,59,12/13/2024,1007315
1706,719,1496,42,9/11/2024,159938
1707,991,393,69,5/29/2023,616786
1708,377,991,93,8/31/2024,713641
1709,251,508,94,7/10/2024,1142209
1710,339,311,62,10/30/2024,203216
1711,131,1454,80,2/5/2024,370422
1712,139,643,58,9/18/2024,377332
1713,699,176,13,3/29/2025,588720
1714,405,143,27,6/1/2024,1177876
1715,156,864,35,5/14/2024,1091351
1716,501,764,62,1/17/2025,395294
1717,754,982,68,9/28/2023,302491
1718,647,1256,7,1/13/2025,1223036
1719,542,979,70,9/2/2024,1140923
1720,839,688,75,6/13/2023,469620
1721,581,115,23,6/12/2023,517376
1722,688,530,48,2/16/2024,437775
1723,956,179,20,9/5/2024,613618
1724,420,958,21,1/11/2025,746759
1725,392,15,65,3/10/2025,535445
1726,115,430,54,12/31/2023,1257420
1727,2,798,20,3/13/2025,867387
1728,456,1316,47,5/6/2024,1410234
1729,910,644,93,5/12/2023,707717
1730,546,786,90,9/7/2023,1185200
1731,505,388,71,11/20/2024,1054660
1732,979,477,100,8/31/2023,1495285
1733,225,1142,54,11/22/2024,310254
1734,337,1154,18,5/26/2024,293258
1735,218,1344,20,2/18/2024,1221584
1736,313,762,40,1/31/2025,1144507
1737,329,110,47,9/9/2024,784339
1738,467,1344,29,1/31/2024,125329
1739,125,846,61,10/8/2024,668206
1740,664,837,49,2/11/2025,189155
1741,231,595,34,7/1/2023,1498116
1742,801,643,9,12/29/2023,327807
1743,423,39,36,4/11/2025,667865
1744,408,109,37,5/29/2024,568118
1745,28,1003,11,7/7/2023,1312088
1746,752,856,87,10/31/2023,534363
1747,927,1486,57,4/16/2025,829097
1748,806,992,88,5/27/2024,1449049
1749,282,720,90,11/11/2023,1220740
1750,646,1027,87,10/6/2024,92531
1751,836,404,83,6/29/2024,1062235
1752,490,1034,51,11/28/2023,1109292
1753,137,445,46,1/31/2025,1387740
1754,724,314,98,5/27/2023,327664
1755,996,1407,39,3/12/2025,1211107
1756,951,361,67,7/7/2023,1339280
1757,25,417,76,3/9/2024,991179
1758,296,1199,87,12/10/2024,1065978
1759,618,675,40,2/28/2025,668739
1760,921,1413,77,12/9/2023,73849
1761,502,827,29,6/8/2024,209080
1762,82,1078,39,11/13/2024,735260
1763,716,287,41,9/15/2024,785619
1764,252,849,50,9/15/2024,743210
1765,136,473,31,3/22/2025,1266726
1766,554,182,29,5/20/2024,975356
1767,522,858,1,2/6/2025,380844
1768,988,22,29,9/26/2024,142194
1769,391,741,59,4/2/2024,944739
1770,266,8,93,9/13/2023,1380307
1771,270,1229,68,10/22/2023,124926
1772,366,711,92,9/2/2023,1264359
1773,218,72,44,1/17/2024,593848
1774,679,1020,96,4/7/2024,73828
1775,430,387,68,5/30/2023,202136
1776,519,505,58,1/10/2025,302150
1777,255,500,61,6/24/2024,1085742
1778,867,1396,3,3/30/2025,1468195
1779,917,736,64,12/26/2023,1067822
1780,551,1402,69,12/18/2023,1344973
1781,959,504,100,6/9/2023,457054
1782,775,108,19,11/15/2023,1356598
1783,779,304,45,12/9/2024,861000
1784,240,1428,95,4/2/2024,1081516
1785,51,421,84,9/27/2024,862105
1786,562,1080,33,6/7/2024,474287
1787,251,750,86,2/12/2024,634451
1788,468,29,7,4/5/2025,1140986
1789,234,1430,83,3/4/2024,1492221
1790,589,522,54,11/20/2023,877514
1791,406,191,42,5/3/2024,679326
1792,625,546,58,4/25/2025,1137911
1793,862,404,35,8/8/2023,261951
1794,218,1209,8,8/23/2023,898589
1795,603,220,24,12/19/2024,1285299
1796,957,661,21,11/22/2023,1160861
1797,511,722,36,2/28/2025,1278442
1798,674,1119,86,5/18/2024,1296259
1799,523,1245,68,8/11/2023,1308468
1800,851,1232,56,3/29/2025,399953
1801,7,1161,39,2/12/2025,911935
1802,754,1377,63,1/15/2025,1350183
1803,336,1037,16,7/5/2023,884557
1804,582,1267,75,6/18/2023,283906
1805,900,925,54,1/19/2025,718159
1806,612,453,41,10/27/2023,427449
1807,847,828,89,3/15/2025,355415
1808,871,1302,56,4/18/2025,844541
1809,222,689,84,4/17/2025,239296
1810,485,1094,61,11/20/2024,1408390
1811,47,592,98,4/8/2025,1449254
1812,78,316,23,6/12/2023,835202
1813,493,51,41,6/19/2023,207471
1814,378,1195,93,3/1/2024,1366723
1815,69,962,45,8/9/2024,792496
1816,354,1464,48,3/25/2025,1171330
1817,601,894,5,4/23/2024,621029
1818,447,814,70,5/24/2023,272998
1819,874,189,56,8/30/2024,108163
1820,21,341,58,9/15/2024,599227
1821,224,958,69,5/23/2023,993146
1822,110,1060,75,7/13/2024,1319513
1823,213,333,83,3/29/2025,75489
1824,335,254,75,9/3/2023,71655
1825,436,765,98,3/14/2024,132550
1826,640,52,34,6/30/2024,1257685
1827,646,1229,99,1/16/2024,625540
1828,53,1178,76,5/4/2025,1436870
1829,964,425,49,12/5/2024,212824
1830,713,386,87,9/16/2024,193950
1831,788,1323,51,2/22/2025,805300
1832,562,1452,6,5/24/2023,1455410
1833,205,1064,97,2/4/2024,115766
1834,882,750,31,1/4/2025,627216
1835,733,207,85,3/18/2025,1446199
1836,850,695,3,11/25/2023,119416
1837,918,370,82,5/13/2024,625443
1838,312,51,66,3/28/2025,536278
1839,489,994,61,10/25/2024,719419
1840,170,520,74,8/31/2023,1415807
1841,964,1361,11,3/26/2024,102489
1842,864,322,84,1/8/2025,1241757
1843,440,486,11,12/2/2023,1295741
1844,475,98,83,4/2/2024,221463
1845,55,1185,85,11/2/2023,441400
1846,625,603,85,1/22/2025,1267265
1847,961,1286,25,9/1/2023,680265
1848,566,341,40,7/14/2024,514716
1849,763,378,24,3/31/2024,88628
1850,739,513,80,7/26/2024,1405399
1851,926,290,46,9/19/2024,845854
1852,186,1414,79,10/10/2024,1222390
1853,598,1076,43,5/7/2025,365158
1854,356,364,91,2/9/2025,1405811
1855,172,1201,21,12/31/2023,1270278
1856,727,674,70,8/21/2024,1370123
1857,24,1471,91,6/2/2024,547729
1858,419,1012,12,6/11/2023,1457577
1859,375,538,84,7/6/2023,231146
1860,52,1480,95,10/23/2024,980346
1861,733,250,22,6/19/2024,191535
1862,778,412,43,8/22/2023,1494481
1863,317,599,9,3/9/2024,1313611
1864,292,439,49,2/25/2025,1164499
1865,279,1375,40,2/17/2024,1418992
1866,106,53,73,2/29/2024,740442
1867,756,1040,11,12/15/2023,403987
1868,287,783,13,10/3/2024,1301296
1869,876,1406,66,8/16/2023,422574
1870,185,298,77,10/10/2024,75389
1871,193,808,73,6/19/2023,504479
1872,735,557,51,1/15/2025,925252
1873,182,777,75,9/14/2024,938725
1874,184,349,28,12/29/2024,1141163
1875,666,1264,81,8/28/2024,167849
1876,567,380,33,12/8/2024,1443043
1877,527,23,33,3/2/2024,487340
1878,617,425,51,9/10/2024,303074
1879,391,160,52,5/10/2024,933450
1880,970,1301,44,3/22/2025,1014336
1881,448,1292,87,12/17/2024,569550
1882,667,1263,20,7/18/2023,441120
1883,592,333,98,6/2/2024,567743
1884,699,1047,38,3/9/2024,407400
1885,226,1358,66,3/5/2024,283631
1886,733,1232,17,9/9/2024,79927
1887,77,795,91,4/10/2025,1053865
1888,898,157,6,2/6/2024,1432399
1889,791,1233,4,7/21/2024,580609
1890,117,865,34,12/5/2024,609012
1891,879,1002,25,12/21/2023,635203
1892,141,118,46,8/29/2024,208652
1893,350,508,21,11/21/2023,217178
1894,571,1368,17,6/17/2024,1323427
1895,88,761,2,7/8/2024,366945
1896,654,943,68,1/2/2025,872202
1897,79,116,43,3/28/2025,525541
1898,517,1121,9,3/6/2025,778730
1899,692,339,85,6/24/2023,772253
1900,653,523,31,10/13/2023,302292
1901,431,578,3,3/6/2025,1124179
1902,65,526,69,1/24/2024,953925
1903,444,382,87,8/30/2023,558021
1904,88,952,99,6/7/2024,474006
1905,655,381,61,5/4/2024,1023103
1906,244,6,49,5/18/2024,897261
1907,222,476,16,5/7/2025,676334
1908,616,256,93,2/25/2024,1318820
1909,794,1029,12,8/13/2023,763734
1910,541,1500,29,3/21/2024,66620
1911,689,271,4,5/10/2025,440527
1912,976,290,69,8/31/2024,931789
1913,373,1209,66,3/12/2024,953304
1914,47,659,56,9/16/2023,1096218
1915,10,1435,17,9/23/2023,93758
1916,23,595,71,4/2/2024,674292
1917,826,427,4,12/4/2024,709305
1918,307,863,16,4/1/2024,275089
1919,743,767,23,1/22/2025,1016246
1920,233,1334,64,7/17/2024,1158252
1921,242,1339,14,2/12/2024,242688
1922,701,1335,63,8/9/2023,954449
1923,367,794,92,3/26/2024,1017927
1924,926,509,77,11/16/2024,625572
1925,193,333,93,5/21/2023,191762
1926,407,894,14,9/9/2024,614595
1927,331,386,89,6/18/2024,950908
1928,953,74,29,4/3/2025,1263203
1929,332,1097,31,1/3/2024,1102145
1930,200,772,85,7/18/2023,926263
1931,791,312,33,12/15/2023,510168
1932,187,1347,78,9/18/2024,385703
1933,13,205,60,10/5/2024,304487
1934,158,829,95,1/1/2025,1062322
1935,992,170,37,12/9/2024,534824
1936,19,183,23,11/28/2023,75212
1937,964,1252,87,2/13/2025,1179950
1938,582,359,10,3/6/2024,276482
1939,729,1271,26,5/3/2025,762192
1940,842,1262,75,12/2/2024,957564
1941,954,539,61,5/2/2024,1241946
1942,65,1079,96,9/24/2023,1388468
1943,744,522,79,6/24/2024,535813
1944,373,427,96,4/6/2024,600447
1945,344,772,86,11/5/2024,334362
1946,937,1297,60,11/8/2023,670256
1947,103,799,82,1/26/2025,1021796
1948,835,1113,51,4/23/2024,1459773
1949,79,343,24,6/25/2023,77343
1950,874,511,17,2/13/2024,830990
1951,947,1413,64,1/10/2024,1104290
1952,582,140,19,7/25/2024,248300
1953,810,967,39,3/12/2024,1346519
1954,525,651,20,12/5/2023,1469429
1955,715,1123,76,7/31/2024,577440
1956,929,152,60,3/19/2024,312691
1957,804,37,77,11/4/2024,933894
1958,142,1452,61,8/18/2023,1192320
1959,438,304,92,7/28/2024,1441676
1960,535,459,85,7/7/2024,328395
1961,197,160,98,3/28/2025,815637
1962,468,839,6,9/8/2024,214250
1963,928,741,82,4/2/2025,756346
1964,967,1437,23,8/24/2024,125597
1965,481,423,10,9/20/2023,673367
1966,716,587,58,6/25/2024,1340441
1967,997,1434,37,5/26/2024,1397744
1968,812,847,33,2/20/2025,1464994
1969,832,1458,88,1/23/2024,732621
1970,999,830,42,12/1/2024,1248619
1971,379,1307,30,6/5/2023,1276725
1972,988,1250,87,2/10/2025,652215
1973,307,918,55,8/25/2023,78302
1974,243,1234,38,7/20/2024,207563
1975,484,358,62,3/5/2025,1328310
1976,707,553,72,7/11/2023,212807
1977,960,1131,22,12/10/2023,399382
1978,948,668,65,12/18/2023,259439
1979,992,397,65,10/22/2024,304634
1980,883,428,59,6/26/2023,435599
1981,974,1372,6,10/25/2024,683323
1982,569,1036,88,8/14/2023,573074
1983,39,1368,65,3/15/2024,373599
1984,213,1421,48,1/13/2025,467738
1985,778,342,58,5/27/2024,176371
1986,738,566,77,1/29/2025,703938
1987,345,1366,48,12/14/2024,1484072
1988,537,613,16,12/18/2023,1250442
1989,518,1188,61,2/29/2024,1127402
1990,882,710,58,3/19/2024,722392
1991,854,927,20,9/4/2024,403114
1992,309,809,59,6/17/2023,956122
1993,513,86,40,12/2/2024,952745
1994,347,825,62,7/13/2023,1315136
1995,947,962,36,1/18/2024,1244652
1996,121,849,40,5/24/2024,1144968
1997,1000,707,60,1/27/2024,1338110
1998,615,1435,58,9/16/2023,855539
1999,137,330,52,1/27/2025,1111731
2000,867,1109,17,10/7/2024,1216004
